date,symbol,estacion,price
5:00:00,D,"9 DE JULIO",63.7895
6:00:00,D,"9 DE JULIO",496.3611
7:00:00,D,"9 DE JULIO",1219.2410
8:00:00,D,"9 DE JULIO",2162.3095
9:00:00,D,"9 DE JULIO",2012.9524
10:00:00,D,"9 DE JULIO",1912.1310
11:00:00,D,"9 DE JULIO",2183.1548
12:00:00,D,"9 DE JULIO",2532.1190
13:00:00,D,"9 DE JULIO",2690.7500
14:00:00,D,"9 DE JULIO",2716.4643
15:00:00,D,"9 DE JULIO",3023.7143
16:00:00,D,"9 DE JULIO",3158.7143
17:00:00,D,"9 DE JULIO",3883.0476
18:00:00,D,"9 DE JULIO",4105.8929
19:00:00,D,"9 DE JULIO",2260.7381
20:00:00,D,"9 DE JULIO",1248.6548
21:00:00,D,"9 DE JULIO",851.0476
22:00:00,D,"9 DE JULIO",345.0595
23:00:00,D,"9 DE JULIO",1.0000
5:00:00,A,ACOYTE,227.9722
6:00:00,A,ACOYTE,915.9877
7:00:00,A,ACOYTE,3060.9157
8:00:00,A,ACOYTE,4571.8571
9:00:00,A,ACOYTE,4337.9643
10:00:00,A,ACOYTE,3388.9881
11:00:00,A,ACOYTE,3247.8810
12:00:00,A,ACOYTE,3587.5476
13:00:00,A,ACOYTE,3421.0833
14:00:00,A,ACOYTE,3031.8571
15:00:00,A,ACOYTE,2782.8333
16:00:00,A,ACOYTE,2958.4881
17:00:00,A,ACOYTE,3255.4405
18:00:00,A,ACOYTE,3091.8929
19:00:00,A,ACOYTE,2439.0476
20:00:00,A,ACOYTE,2063.4048
21:00:00,A,ACOYTE,1163.9881
22:00:00,A,ACOYTE,390.4762
23:00:00,A,ACOYTE,2.8333
5:00:00,D,AGUERO,115.0278
6:00:00,D,AGUERO,595.0556
7:00:00,D,AGUERO,2440.1205
8:00:00,D,AGUERO,3926.2381
9:00:00,D,AGUERO,3810.5000
10:00:00,D,AGUERO,2734.2738
11:00:00,D,AGUERO,2514.6071
12:00:00,D,AGUERO,2783.7857
13:00:00,D,AGUERO,2767.8095
14:00:00,D,AGUERO,2650.5357
15:00:00,D,AGUERO,2683.1310
16:00:00,D,AGUERO,3033.4167
17:00:00,D,AGUERO,3182.1905
18:00:00,D,AGUERO,2958.1190
19:00:00,D,AGUERO,2326.0952
20:00:00,D,AGUERO,1955.7500
21:00:00,D,AGUERO,1107.7381
22:00:00,D,AGUERO,387.5357
23:00:00,D,AGUERO,4.0000
5:00:00,A,ALBERTI,46.9306
6:00:00,A,ALBERTI,159.9722
7:00:00,A,ALBERTI,478.6988
8:00:00,A,ALBERTI,601.8690
9:00:00,A,ALBERTI,638.0238
10:00:00,A,ALBERTI,797.0238
11:00:00,A,ALBERTI,1060.8452
12:00:00,A,ALBERTI,1233.5476
13:00:00,A,ALBERTI,1302.4286
14:00:00,A,ALBERTI,1299.1071
15:00:00,A,ALBERTI,1412.7976
16:00:00,A,ALBERTI,1436.6190
17:00:00,A,ALBERTI,1385.1667
18:00:00,A,ALBERTI,1436.0833
19:00:00,A,ALBERTI,1179.0714
20:00:00,A,ALBERTI,1071.6190
21:00:00,A,ALBERTI,623.6786
22:00:00,A,ALBERTI,233.7976
23:00:00,A,ALBERTI,2.1000
5:00:00,B,"ANGEL GALLARDO",143.3750
6:00:00,B,"ANGEL GALLARDO",902.0822
7:00:00,B,"ANGEL GALLARDO",3397.0843
8:00:00,B,"ANGEL GALLARDO",5376.7738
9:00:00,B,"ANGEL GALLARDO",5184.2857
10:00:00,B,"ANGEL GALLARDO",3962.7619
11:00:00,B,"ANGEL GALLARDO",3678.3690
12:00:00,B,"ANGEL GALLARDO",3894.7500
13:00:00,B,"ANGEL GALLARDO",3707.1548
14:00:00,B,"ANGEL GALLARDO",3525.1190
15:00:00,B,"ANGEL GALLARDO",3388.6429
16:00:00,B,"ANGEL GALLARDO",3801.6071
17:00:00,B,"ANGEL GALLARDO",3997.5000
18:00:00,B,"ANGEL GALLARDO",3791.3690
19:00:00,B,"ANGEL GALLARDO",2880.0119
20:00:00,B,"ANGEL GALLARDO",2323.2500
21:00:00,B,"ANGEL GALLARDO",1449.3095
22:00:00,B,"ANGEL GALLARDO",422.7738
23:00:00,B,"ANGEL GALLARDO",1.8182
5:00:00,C,"AVENIDA DE MAYO",86.0833
6:00:00,C,"AVENIDA DE MAYO",328.6301
7:00:00,C,"AVENIDA DE MAYO",669.7590
8:00:00,C,"AVENIDA DE MAYO",805.6071
9:00:00,C,"AVENIDA DE MAYO",860.0714
10:00:00,C,"AVENIDA DE MAYO",1040.8690
11:00:00,C,"AVENIDA DE MAYO",1186.5000
12:00:00,C,"AVENIDA DE MAYO",1328.3095
13:00:00,C,"AVENIDA DE MAYO",1417.9643
14:00:00,C,"AVENIDA DE MAYO",1608.5714
15:00:00,C,"AVENIDA DE MAYO",2028.9167
16:00:00,C,"AVENIDA DE MAYO",1956.2738
17:00:00,C,"AVENIDA DE MAYO",2484.8810
18:00:00,C,"AVENIDA DE MAYO",2303.0952
19:00:00,C,"AVENIDA DE MAYO",1323.3571
20:00:00,C,"AVENIDA DE MAYO",950.7500
21:00:00,C,"AVENIDA DE MAYO",691.7857
22:00:00,C,"AVENIDA DE MAYO",226.4762
23:00:00,C,"AVENIDA DE MAYO",0.0000
5:00:00,E,"AVENIDA LA PLATA",118.2222
6:00:00,E,"AVENIDA LA PLATA",451.9091
7:00:00,E,"AVENIDA LA PLATA",1621.5663
8:00:00,E,"AVENIDA LA PLATA",2221.0714
9:00:00,E,"AVENIDA LA PLATA",1968.7143
10:00:00,E,"AVENIDA LA PLATA",1244.9643
11:00:00,E,"AVENIDA LA PLATA",1074.4762
12:00:00,E,"AVENIDA LA PLATA",1332.8333
13:00:00,E,"AVENIDA LA PLATA",1168.2262
14:00:00,E,"AVENIDA LA PLATA",963.5714
15:00:00,E,"AVENIDA LA PLATA",914.7262
16:00:00,E,"AVENIDA LA PLATA",1065.6905
17:00:00,E,"AVENIDA LA PLATA",1120.6190
18:00:00,E,"AVENIDA LA PLATA",1113.4286
19:00:00,E,"AVENIDA LA PLATA",671.4762
20:00:00,E,"AVENIDA LA PLATA",539.1786
21:00:00,E,"AVENIDA LA PLATA",340.1905
22:00:00,E,"AVENIDA LA PLATA",97.1786
23:00:00,E,"AVENIDA LA PLATA",1.0000
5:00:00,E,BOEDO,122.5000
6:00:00,E,BOEDO,392.5811
7:00:00,E,BOEDO,1102.1566
8:00:00,E,BOEDO,1611.3214
9:00:00,E,BOEDO,1531.0476
10:00:00,E,BOEDO,1164.4286
11:00:00,E,BOEDO,1140.4048
12:00:00,E,BOEDO,1249.3571
13:00:00,E,BOEDO,1177.2619
14:00:00,E,BOEDO,1058.3810
15:00:00,E,BOEDO,995.2381
16:00:00,E,BOEDO,1042.8333
17:00:00,E,BOEDO,1141.9286
18:00:00,E,BOEDO,1064.4405
19:00:00,E,BOEDO,775.8214
20:00:00,E,BOEDO,692.7143
21:00:00,E,BOEDO,405.7024
22:00:00,E,BOEDO,126.2143
23:00:00,E,BOEDO,2.0000
5:00:00,E,BOLIVAR,84.2973
6:00:00,E,BOLIVAR,279.3699
7:00:00,E,BOLIVAR,526.9398
8:00:00,E,BOLIVAR,645.0119
9:00:00,E,BOLIVAR,776.1667
10:00:00,E,BOLIVAR,1172.4524
11:00:00,E,BOLIVAR,1674.5476
12:00:00,E,BOLIVAR,2548.1190
13:00:00,E,BOLIVAR,2820.0952
14:00:00,E,BOLIVAR,3154.5000
15:00:00,E,BOLIVAR,4190.0238
16:00:00,E,BOLIVAR,5388.4643
17:00:00,E,BOLIVAR,8903.9881
18:00:00,E,BOLIVAR,8585.5238
19:00:00,E,BOLIVAR,3962.0833
20:00:00,E,BOLIVAR,2488.9048
21:00:00,E,BOLIVAR,1247.2262
22:00:00,E,BOLIVAR,584.9643
23:00:00,E,BOLIVAR,2.7500
5:00:00,D,BULNES,113.0972
6:00:00,D,BULNES,669.0972
7:00:00,D,BULNES,2666.3735
8:00:00,D,BULNES,4614.3214
9:00:00,D,BULNES,4615.8571
10:00:00,D,BULNES,3722.8571
11:00:00,D,BULNES,3750.8452
12:00:00,D,BULNES,4183.5476
13:00:00,D,BULNES,4427.8095
14:00:00,D,BULNES,4303.2976
15:00:00,D,BULNES,4412.7500
16:00:00,D,BULNES,4838.6429
17:00:00,D,BULNES,5162.8571
18:00:00,D,BULNES,4942.5000
19:00:00,D,BULNES,4390.1667
20:00:00,D,BULNES,3856.1190
21:00:00,D,BULNES,2452.0357
22:00:00,D,BULNES,1242.2976
23:00:00,D,BULNES,3.0909
5:00:00,D,CALLAO,46.3194
6:00:00,D,CALLAO,338.2222
7:00:00,D,CALLAO,1240.5542
8:00:00,D,CALLAO,2275.7143
9:00:00,D,CALLAO,2931.4405
10:00:00,D,CALLAO,3084.1667
11:00:00,D,CALLAO,3754.9524
12:00:00,D,CALLAO,4670.0595
13:00:00,D,CALLAO,4596.3095
14:00:00,D,CALLAO,4435.3095
15:00:00,D,CALLAO,4630.0119
16:00:00,D,CALLAO,5262.6905
17:00:00,D,CALLAO,5918.1190
18:00:00,D,CALLAO,5750.9762
19:00:00,D,CALLAO,4251.2262
20:00:00,D,CALLAO,3645.9524
21:00:00,D,CALLAO,2515.8452
22:00:00,D,CALLAO,1016.0000
23:00:00,D,CALLAO,0.5000
5:00:00,B,CALLAO.B,144.5694
6:00:00,B,CALLAO.B,561.3425
7:00:00,B,CALLAO.B,1330.9759
8:00:00,B,CALLAO.B,2169.5000
9:00:00,B,CALLAO.B,2586.3452
10:00:00,B,CALLAO.B,3142.1429
11:00:00,B,CALLAO.B,3962.5119
12:00:00,B,CALLAO.B,4973.2500
13:00:00,B,CALLAO.B,5116.9048
14:00:00,B,CALLAO.B,4988.4762
15:00:00,B,CALLAO.B,5273.1905
16:00:00,B,CALLAO.B,5745.5595
17:00:00,B,CALLAO.B,6485.2976
18:00:00,B,CALLAO.B,6435.4405
19:00:00,B,CALLAO.B,4785.0714
20:00:00,B,CALLAO.B,4030.7500
21:00:00,B,CALLAO.B,3040.4524
22:00:00,B,CALLAO.B,1225.1786
23:00:00,B,CALLAO.B,1.8333
5:00:00,A,CARABOBO,154.8194
6:00:00,A,CARABOBO,915.9041
7:00:00,A,CARABOBO,3365.3735
8:00:00,A,CARABOBO,5474.2976
9:00:00,A,CARABOBO,3944.7619
10:00:00,A,CARABOBO,2620.4048
11:00:00,A,CARABOBO,2323.1429
12:00:00,A,CARABOBO,2432.8095
13:00:00,A,CARABOBO,2444.4881
14:00:00,A,CARABOBO,2147.4405
15:00:00,A,CARABOBO,1977.9048
16:00:00,A,CARABOBO,2197.4048
17:00:00,A,CARABOBO,2458.8690
18:00:00,A,CARABOBO,2127.5952
19:00:00,A,CARABOBO,1561.3452
20:00:00,A,CARABOBO,1267.7262
21:00:00,A,CARABOBO,706.7857
22:00:00,A,CARABOBO,212.8214
23:00:00,A,CARABOBO,1.1667
5:00:00,B,"CARLOS GARDEL",150.7083
6:00:00,B,"CARLOS GARDEL",542.6389
7:00:00,B,"CARLOS GARDEL",1405.1446
8:00:00,B,"CARLOS GARDEL",2296.7857
9:00:00,B,"CARLOS GARDEL",2395.8690
10:00:00,B,"CARLOS GARDEL",2490.6905
11:00:00,B,"CARLOS GARDEL",3013.1310
12:00:00,B,"CARLOS GARDEL",3604.1429
13:00:00,B,"CARLOS GARDEL",3941.7143
14:00:00,B,"CARLOS GARDEL",4280.8452
15:00:00,B,"CARLOS GARDEL",4597.5476
16:00:00,B,"CARLOS GARDEL",5364.6786
17:00:00,B,"CARLOS GARDEL",5877.6310
18:00:00,B,"CARLOS GARDEL",5910.1667
19:00:00,B,"CARLOS GARDEL",5248.3452
20:00:00,B,"CARLOS GARDEL",4558.3571
21:00:00,B,"CARLOS GARDEL",3632.2262
22:00:00,B,"CARLOS GARDEL",1889.1190
23:00:00,B,"CARLOS GARDEL",2.2857
5:00:00,B,"CARLOS PELLEGRINI",228.8919
6:00:00,B,"CARLOS PELLEGRINI",907.7534
7:00:00,B,"CARLOS PELLEGRINI",2185.4940
8:00:00,B,"CARLOS PELLEGRINI",2499.7857
9:00:00,B,"CARLOS PELLEGRINI",2579.7976
10:00:00,B,"CARLOS PELLEGRINI",3155.7619
11:00:00,B,"CARLOS PELLEGRINI",4016.8571
12:00:00,B,"CARLOS PELLEGRINI",4797.5595
13:00:00,B,"CARLOS PELLEGRINI",5611.5595
14:00:00,B,"CARLOS PELLEGRINI",5697.9405
15:00:00,B,"CARLOS PELLEGRINI",6438.2857
16:00:00,B,"CARLOS PELLEGRINI",6987.7262
17:00:00,B,"CARLOS PELLEGRINI",8220.4643
18:00:00,B,"CARLOS PELLEGRINI",9444.3095
19:00:00,B,"CARLOS PELLEGRINI",5610.0952
20:00:00,B,"CARLOS PELLEGRINI",4348.2619
21:00:00,B,"CARLOS PELLEGRINI",3296.0595
22:00:00,B,"CARLOS PELLEGRINI",1333.2262
23:00:00,B,"CARLOS PELLEGRINI",0.7500
5:00:00,H,CASEROS,120.7500
6:00:00,H,CASEROS,387.7917
7:00:00,H,CASEROS,1003.4217
8:00:00,H,CASEROS,1390.2262
9:00:00,H,CASEROS,1118.5952
10:00:00,H,CASEROS,932.2024
11:00:00,H,CASEROS,984.9286
12:00:00,H,CASEROS,1342.0595
13:00:00,H,CASEROS,1265.0595
14:00:00,H,CASEROS,1252.8810
15:00:00,H,CASEROS,1119.5357
16:00:00,H,CASEROS,1224.7024
17:00:00,H,CASEROS,1661.1548
18:00:00,H,CASEROS,1910.8333
19:00:00,H,CASEROS,766.2024
20:00:00,H,CASEROS,754.3690
21:00:00,H,CASEROS,352.4762
22:00:00,H,CASEROS,140.1667
23:00:00,H,CASEROS,3.2857
5:00:00,A,"CASTRO BARROS",106.5417
6:00:00,A,"CASTRO BARROS",494.6849
7:00:00,A,"CASTRO BARROS",1613.7952
8:00:00,A,"CASTRO BARROS",2315.4762
9:00:00,A,"CASTRO BARROS",2385.3214
10:00:00,A,"CASTRO BARROS",2163.0833
11:00:00,A,"CASTRO BARROS",2195.7262
12:00:00,A,"CASTRO BARROS",2373.2619
13:00:00,A,"CASTRO BARROS",2308.1310
14:00:00,A,"CASTRO BARROS",2201.3810
15:00:00,A,"CASTRO BARROS",2152.6071
16:00:00,A,"CASTRO BARROS",2458.7262
17:00:00,A,"CASTRO BARROS",2521.2262
18:00:00,A,"CASTRO BARROS",2445.9881
19:00:00,A,"CASTRO BARROS",1863.2024
20:00:00,A,"CASTRO BARROS",1593.7024
21:00:00,A,"CASTRO BARROS",1155.7857
22:00:00,A,"CASTRO BARROS",425.5952
23:00:00,A,"CASTRO BARROS",1.2500
5:00:00,D,CATEDRAL,172.5696
6:00:00,D,CATEDRAL,718.7895
7:00:00,D,CATEDRAL,1782.6265
8:00:00,D,CATEDRAL,2607.6667
9:00:00,D,CATEDRAL,2820.2976
10:00:00,D,CATEDRAL,3621.9524
11:00:00,D,CATEDRAL,5083.5238
12:00:00,D,CATEDRAL,6599.0833
13:00:00,D,CATEDRAL,7811.3810
14:00:00,D,CATEDRAL,8120.3333
15:00:00,D,CATEDRAL,10019.0119
16:00:00,D,CATEDRAL,11899.9881
17:00:00,D,CATEDRAL,19566.5357
18:00:00,D,CATEDRAL,21280.4048
19:00:00,D,CATEDRAL,9488.1786
20:00:00,D,CATEDRAL,5421.9524
21:00:00,D,CATEDRAL,2926.6190
22:00:00,D,CATEDRAL,990.5833
23:00:00,D,CATEDRAL,0.5000
5:00:00,A,CONGRESO,119.8472
6:00:00,A,CONGRESO,422.6250
7:00:00,A,CONGRESO,1057.4458
8:00:00,A,CONGRESO,1535.0833
9:00:00,A,CONGRESO,1895.5833
10:00:00,A,CONGRESO,2310.3929
11:00:00,A,CONGRESO,2806.7738
12:00:00,A,CONGRESO,3377.3214
13:00:00,A,CONGRESO,3731.3690
14:00:00,A,CONGRESO,3878.6905
15:00:00,A,CONGRESO,4164.4405
16:00:00,A,CONGRESO,4274.2024
17:00:00,A,CONGRESO,4331.7262
18:00:00,A,CONGRESO,4114.2143
19:00:00,A,CONGRESO,3541.0119
20:00:00,A,CONGRESO,2960.6071
21:00:00,A,CONGRESO,2104.6429
22:00:00,A,CONGRESO,826.9643
23:00:00,A,CONGRESO,5.8333
5:00:00,D,"CONGRESO DE TUCUMAN",394.1875
6:00:00,D,"CONGRESO DE TUCUMAN",3440.9600
7:00:00,D,"CONGRESO DE TUCUMAN",11188.0482
8:00:00,D,"CONGRESO DE TUCUMAN",17010.7976
9:00:00,D,"CONGRESO DE TUCUMAN",12999.5714
10:00:00,D,"CONGRESO DE TUCUMAN",8812.3690
11:00:00,D,"CONGRESO DE TUCUMAN",7260.6786
12:00:00,D,"CONGRESO DE TUCUMAN",7436.1667
13:00:00,D,"CONGRESO DE TUCUMAN",7443.6310
14:00:00,D,"CONGRESO DE TUCUMAN",6584.6429
15:00:00,D,"CONGRESO DE TUCUMAN",6368.2619
16:00:00,D,"CONGRESO DE TUCUMAN",7207.3571
17:00:00,D,"CONGRESO DE TUCUMAN",9195.2262
18:00:00,D,"CONGRESO DE TUCUMAN",9944.2500
19:00:00,D,"CONGRESO DE TUCUMAN",5771.6071
20:00:00,D,"CONGRESO DE TUCUMAN",3988.8571
21:00:00,D,"CONGRESO DE TUCUMAN",2303.7262
22:00:00,D,"CONGRESO DE TUCUMAN",480.6667
23:00:00,D,"CONGRESO DE TUCUMAN",0.2143
5:00:00,C,CONSTITUCION,7605.6301
6:00:00,C,CONSTITUCION,20425.5135
7:00:00,C,CONSTITUCION,31974.7831
8:00:00,C,CONSTITUCION,38890.8571
9:00:00,C,CONSTITUCION,30375.2738
10:00:00,C,CONSTITUCION,18773.4524
11:00:00,C,CONSTITUCION,15337.8929
12:00:00,C,CONSTITUCION,14701.2262
13:00:00,C,CONSTITUCION,14840.9881
14:00:00,C,CONSTITUCION,12705.7143
15:00:00,C,CONSTITUCION,10173.0357
16:00:00,C,CONSTITUCION,9560.1786
17:00:00,C,CONSTITUCION,9962.2619
18:00:00,C,CONSTITUCION,9426.8095
19:00:00,C,CONSTITUCION,6352.0714
20:00:00,C,CONSTITUCION,4553.7262
21:00:00,C,CONSTITUCION,2593.8929
22:00:00,C,CONSTITUCION,585.7024
23:00:00,C,CONSTITUCION,1.0000
5:00:00,H,CORDOBA,48.6667
6:00:00,H,CORDOBA,225.7917
7:00:00,H,CORDOBA,628.8193
8:00:00,H,CORDOBA,887.4881
9:00:00,H,CORDOBA,868.3333
10:00:00,H,CORDOBA,891.1071
11:00:00,H,CORDOBA,1049.6786
12:00:00,H,CORDOBA,1357.2857
13:00:00,H,CORDOBA,1399.5000
14:00:00,H,CORDOBA,1432.7262
15:00:00,H,CORDOBA,1696.9167
16:00:00,H,CORDOBA,1753.2024
17:00:00,H,CORDOBA,1957.1071
18:00:00,H,CORDOBA,1979.3571
19:00:00,H,CORDOBA,1510.5833
20:00:00,H,CORDOBA,1249.2857
21:00:00,H,CORDOBA,974.3452
22:00:00,H,CORDOBA,343.4405
23:00:00,H,CORDOBA,4.9167
5:00:00,H,CORRIENTES,41.1233
6:00:00,H,CORRIENTES,127.0541
7:00:00,H,CORRIENTES,360.3012
8:00:00,H,CORRIENTES,578.9048
9:00:00,H,CORRIENTES,635.8810
10:00:00,H,CORRIENTES,730.2024
11:00:00,H,CORRIENTES,991.4881
12:00:00,H,CORRIENTES,1237.7976
13:00:00,H,CORRIENTES,1368.4048
14:00:00,H,CORRIENTES,1343.3333
15:00:00,H,CORRIENTES,1445.3095
16:00:00,H,CORRIENTES,1553.4762
17:00:00,H,CORRIENTES,1710.9881
18:00:00,H,CORRIENTES,2100.9167
19:00:00,H,CORRIENTES,1296.7262
20:00:00,H,CORRIENTES,824.9286
21:00:00,H,CORRIENTES,434.1310
22:00:00,H,CORRIENTES,211.9762
23:00:00,H,CORRIENTES,5.8182
5:00:00,C,"DIAGONAL NORTE",30.2192
6:00:00,C,"DIAGONAL NORTE",85.6806
7:00:00,C,"DIAGONAL NORTE",257.3012
8:00:00,C,"DIAGONAL NORTE",349.7619
9:00:00,C,"DIAGONAL NORTE",484.1548
10:00:00,C,"DIAGONAL NORTE",759.4881
11:00:00,C,"DIAGONAL NORTE",1007.6667
12:00:00,C,"DIAGONAL NORTE",1322.2976
13:00:00,C,"DIAGONAL NORTE",1529.8452
14:00:00,C,"DIAGONAL NORTE",1738.7143
15:00:00,C,"DIAGONAL NORTE",2408.0833
16:00:00,C,"DIAGONAL NORTE",2444.7976
17:00:00,C,"DIAGONAL NORTE",3454.8095
18:00:00,C,"DIAGONAL NORTE",3635.9048
19:00:00,C,"DIAGONAL NORTE",1687.3214
20:00:00,C,"DIAGONAL NORTE",1010.4881
21:00:00,C,"DIAGONAL NORTE",889.5476
22:00:00,C,"DIAGONAL NORTE",182.5238
23:00:00,C,"DIAGONAL NORTE",1.3333
5:00:00,B,DORREGO,374.2361
6:00:00,B,DORREGO,1408.5139
7:00:00,B,DORREGO,3570.5181
8:00:00,B,DORREGO,6011.9524
9:00:00,B,DORREGO,5126.5000
10:00:00,B,DORREGO,3768.6310
11:00:00,B,DORREGO,3370.4048
12:00:00,B,DORREGO,3336.2976
13:00:00,B,DORREGO,3337.2024
14:00:00,B,DORREGO,3058.8452
15:00:00,B,DORREGO,2787.7143
16:00:00,B,DORREGO,3328.7619
17:00:00,B,DORREGO,4028.0000
18:00:00,B,DORREGO,3988.8095
19:00:00,B,DORREGO,2262.4286
20:00:00,B,DORREGO,1554.8571
21:00:00,B,DORREGO,949.4881
22:00:00,B,DORREGO,289.3929
23:00:00,B,DORREGO,1.0000
5:00:00,B,ECHEVERRIA,82.4861
6:00:00,B,ECHEVERRIA,812.4861
7:00:00,B,ECHEVERRIA,2558.4940
8:00:00,B,ECHEVERRIA,4159.7857
9:00:00,B,ECHEVERRIA,2798.1429
10:00:00,B,ECHEVERRIA,1672.7500
11:00:00,B,ECHEVERRIA,1380.5476
12:00:00,B,ECHEVERRIA,1377.1071
13:00:00,B,ECHEVERRIA,1374.7619
14:00:00,B,ECHEVERRIA,1178.0238
15:00:00,B,ECHEVERRIA,1102.5595
16:00:00,B,ECHEVERRIA,1273.9524
17:00:00,B,ECHEVERRIA,1550.8690
18:00:00,B,ECHEVERRIA,1273.0357
19:00:00,B,ECHEVERRIA,880.2857
20:00:00,B,ECHEVERRIA,686.1548
21:00:00,B,ECHEVERRIA,448.6071
22:00:00,B,ECHEVERRIA,105.2738
23:00:00,B,ECHEVERRIA,1.5000
5:00:00,E,"EMILIO MITRE",121.8056
6:00:00,E,"EMILIO MITRE",582.0000
7:00:00,E,"EMILIO MITRE",1853.9518
8:00:00,E,"EMILIO MITRE",2780.1548
9:00:00,E,"EMILIO MITRE",2140.8095
10:00:00,E,"EMILIO MITRE",1391.5476
11:00:00,E,"EMILIO MITRE",1258.9048
12:00:00,E,"EMILIO MITRE",1378.6071
13:00:00,E,"EMILIO MITRE",1314.5119
14:00:00,E,"EMILIO MITRE",1135.3690
15:00:00,E,"EMILIO MITRE",1047.7857
16:00:00,E,"EMILIO MITRE",1095.6310
17:00:00,E,"EMILIO MITRE",1221.1548
18:00:00,E,"EMILIO MITRE",1188.8571
19:00:00,E,"EMILIO MITRE",848.1786
20:00:00,E,"EMILIO MITRE",713.1548
21:00:00,E,"EMILIO MITRE",478.7976
22:00:00,E,"EMILIO MITRE",163.5714
23:00:00,E,"EMILIO MITRE",1.6667
5:00:00,E,"ENTRE RIOS",43.8056
6:00:00,E,"ENTRE RIOS",182.3472
7:00:00,E,"ENTRE RIOS",497.2530
8:00:00,E,"ENTRE RIOS",634.1786
9:00:00,E,"ENTRE RIOS",580.5238
10:00:00,E,"ENTRE RIOS",540.3571
11:00:00,E,"ENTRE RIOS",553.7857
12:00:00,E,"ENTRE RIOS",723.9048
13:00:00,E,"ENTRE RIOS",681.5595
14:00:00,E,"ENTRE RIOS",572.7857
15:00:00,E,"ENTRE RIOS",572.2024
16:00:00,E,"ENTRE RIOS",606.1667
17:00:00,E,"ENTRE RIOS",656.7976
18:00:00,E,"ENTRE RIOS",595.5714
19:00:00,E,"ENTRE RIOS",375.6905
20:00:00,E,"ENTRE RIOS",299.5595
21:00:00,E,"ENTRE RIOS",218.2381
22:00:00,E,"ENTRE RIOS",93.9762
23:00:00,E,"ENTRE RIOS",1.2308
5:00:00,D,"FACULTAD DE MEDICINA",108.7222
6:00:00,D,"FACULTAD DE MEDICINA",421.2500
7:00:00,D,"FACULTAD DE MEDICINA",1309.7831
8:00:00,D,"FACULTAD DE MEDICINA",2942.7976
9:00:00,D,"FACULTAD DE MEDICINA",3281.0357
10:00:00,D,"FACULTAD DE MEDICINA",3483.1905
11:00:00,D,"FACULTAD DE MEDICINA",4343.9643
12:00:00,D,"FACULTAD DE MEDICINA",5578.3095
13:00:00,D,"FACULTAD DE MEDICINA",5024.4881
14:00:00,D,"FACULTAD DE MEDICINA",4574.9167
15:00:00,D,"FACULTAD DE MEDICINA",4810.3929
16:00:00,D,"FACULTAD DE MEDICINA",5354.9881
17:00:00,D,"FACULTAD DE MEDICINA",5392.1071
18:00:00,D,"FACULTAD DE MEDICINA",5217.5595
19:00:00,D,"FACULTAD DE MEDICINA",4093.6190
20:00:00,D,"FACULTAD DE MEDICINA",4240.0238
21:00:00,D,"FACULTAD DE MEDICINA",3365.5476
22:00:00,D,"FACULTAD DE MEDICINA",1667.5238
23:00:00,D,"FACULTAD DE MEDICINA",1.0000
5:00:00,B,"FEDERICO LACROZE",792.0541
6:00:00,B,"FEDERICO LACROZE",3133.4026
7:00:00,B,"FEDERICO LACROZE",8428.4699
8:00:00,B,"FEDERICO LACROZE",13109.0714
9:00:00,B,"FEDERICO LACROZE",10830.5357
10:00:00,B,"FEDERICO LACROZE",7141.3690
11:00:00,B,"FEDERICO LACROZE",5743.5119
12:00:00,B,"FEDERICO LACROZE",5686.4167
13:00:00,B,"FEDERICO LACROZE",5942.1190
14:00:00,B,"FEDERICO LACROZE",5228.9405
15:00:00,B,"FEDERICO LACROZE",4582.0714
16:00:00,B,"FEDERICO LACROZE",4652.2143
17:00:00,B,"FEDERICO LACROZE",5324.2738
18:00:00,B,"FEDERICO LACROZE",5099.5476
19:00:00,B,"FEDERICO LACROZE",3150.5833
20:00:00,B,"FEDERICO LACROZE",2204.8810
21:00:00,B,"FEDERICO LACROZE",1366.0595
22:00:00,B,"FEDERICO LACROZE",338.4405
23:00:00,B,"FEDERICO LACROZE",0.3077
5:00:00,A,FLORES,249.2361
6:00:00,A,FLORES,1110.0417
7:00:00,A,FLORES,3409.0000
8:00:00,A,FLORES,5955.6429
9:00:00,A,FLORES,4199.5476
10:00:00,A,FLORES,2834.5238
11:00:00,A,FLORES,2593.9524
12:00:00,A,FLORES,2685.5476
13:00:00,A,FLORES,2663.8810
14:00:00,A,FLORES,2311.6190
15:00:00,A,FLORES,2106.3095
16:00:00,A,FLORES,2178.4048
17:00:00,A,FLORES,2300.5357
18:00:00,A,FLORES,2013.4167
19:00:00,A,FLORES,1420.4524
20:00:00,A,FLORES,1054.2857
21:00:00,A,FLORES,638.6786
22:00:00,A,FLORES,141.3333
23:00:00,A,FLORES,1.5000
5:00:00,B,FLORIDA,47.0400
6:00:00,B,FLORIDA,167.9324
7:00:00,B,FLORIDA,341.1566
8:00:00,B,FLORIDA,608.3810
9:00:00,B,FLORIDA,1008.8452
10:00:00,B,FLORIDA,2139.6667
11:00:00,B,FLORIDA,3285.8810
12:00:00,B,FLORIDA,4250.2619
13:00:00,B,FLORIDA,4995.8810
14:00:00,B,FLORIDA,5665.1548
15:00:00,B,FLORIDA,6709.3333
16:00:00,B,FLORIDA,7179.6548
17:00:00,B,FLORIDA,11259.1548
18:00:00,B,FLORIDA,11789.9286
19:00:00,B,FLORIDA,6225.0119
20:00:00,B,FLORIDA,3768.2976
21:00:00,B,FLORIDA,1724.1786
22:00:00,B,FLORIDA,487.4881
23:00:00,B,FLORIDA,0.0000
5:00:00,E,"GENERAL BELGRANO",40.0556
6:00:00,E,"GENERAL BELGRANO",83.5972
7:00:00,E,"GENERAL BELGRANO",200.8313
8:00:00,E,"GENERAL BELGRANO",234.1786
9:00:00,E,"GENERAL BELGRANO",251.5714
10:00:00,E,"GENERAL BELGRANO",343.8452
11:00:00,E,"GENERAL BELGRANO",428.9048
12:00:00,E,"GENERAL BELGRANO",579.5238
13:00:00,E,"GENERAL BELGRANO",657.1429
14:00:00,E,"GENERAL BELGRANO",753.2262
15:00:00,E,"GENERAL BELGRANO",969.5476
16:00:00,E,"GENERAL BELGRANO",1171.6667
17:00:00,E,"GENERAL BELGRANO",1636.0952
18:00:00,E,"GENERAL BELGRANO",1833.5714
19:00:00,E,"GENERAL BELGRANO",696.5952
20:00:00,E,"GENERAL BELGRANO",496.0714
21:00:00,E,"GENERAL BELGRANO",339.5357
22:00:00,E,"GENERAL BELGRANO",95.3095
23:00:00,E,"GENERAL BELGRANO",1.0000
5:00:00,C,"GENERAL SAN MARTIN",76.8831
6:00:00,C,"GENERAL SAN MARTIN",289.0811
7:00:00,C,"GENERAL SAN MARTIN",717.8313
8:00:00,C,"GENERAL SAN MARTIN",1116.3571
9:00:00,C,"GENERAL SAN MARTIN",1226.0595
10:00:00,C,"GENERAL SAN MARTIN",1442.6548
11:00:00,C,"GENERAL SAN MARTIN",1677.7619
12:00:00,C,"GENERAL SAN MARTIN",2109.7500
13:00:00,C,"GENERAL SAN MARTIN",2407.9286
14:00:00,C,"GENERAL SAN MARTIN",2639.3929
15:00:00,C,"GENERAL SAN MARTIN",3346.9762
16:00:00,C,"GENERAL SAN MARTIN",3946.5833
17:00:00,C,"GENERAL SAN MARTIN",5478.0000
18:00:00,C,"GENERAL SAN MARTIN",6192.0357
19:00:00,C,"GENERAL SAN MARTIN",3231.2619
20:00:00,C,"GENERAL SAN MARTIN",2086.6667
21:00:00,C,"GENERAL SAN MARTIN",1175.0119
22:00:00,C,"GENERAL SAN MARTIN",269.7143
23:00:00,C,"GENERAL SAN MARTIN",1.6667
5:00:00,H,HOSPITALES,224.1528
6:00:00,H,HOSPITALES,1156.0139
7:00:00,H,HOSPITALES,2862.9277
8:00:00,H,HOSPITALES,3513.2619
9:00:00,H,HOSPITALES,2238.8095
10:00:00,H,HOSPITALES,1423.8214
11:00:00,H,HOSPITALES,1355.4881
12:00:00,H,HOSPITALES,1515.6310
13:00:00,H,HOSPITALES,1467.1905
14:00:00,H,HOSPITALES,1237.5833
15:00:00,H,HOSPITALES,1061.4286
16:00:00,H,HOSPITALES,1076.6667
17:00:00,H,HOSPITALES,1173.4405
18:00:00,H,HOSPITALES,1117.7381
19:00:00,H,HOSPITALES,604.4405
20:00:00,H,HOSPITALES,398.6071
21:00:00,H,HOSPITALES,248.1786
22:00:00,H,HOSPITALES,79.2738
23:00:00,H,HOSPITALES,2.7000
5:00:00,H,"HUMBERTO I",66.5139
6:00:00,H,"HUMBERTO I",247.4595
7:00:00,H,"HUMBERTO I",867.6747
8:00:00,H,"HUMBERTO I",1286.7262
9:00:00,H,"HUMBERTO I",1107.5952
10:00:00,H,"HUMBERTO I",921.5833
11:00:00,H,"HUMBERTO I",906.7262
12:00:00,H,"HUMBERTO I",1046.3333
13:00:00,H,"HUMBERTO I",1041.2024
14:00:00,H,"HUMBERTO I",996.4048
15:00:00,H,"HUMBERTO I",1014.4643
16:00:00,H,"HUMBERTO I",1094.6667
17:00:00,H,"HUMBERTO I",1122.5476
18:00:00,H,"HUMBERTO I",1145.0714
19:00:00,H,"HUMBERTO I",743.2738
20:00:00,H,"HUMBERTO I",616.8571
21:00:00,H,"HUMBERTO I",400.8810
22:00:00,H,"HUMBERTO I",158.1667
23:00:00,H,"HUMBERTO I",1.9167
5:00:00,H,INCLAN,101.7083
6:00:00,H,INCLAN,310.5278
7:00:00,H,INCLAN,994.3855
8:00:00,H,INCLAN,1368.0119
9:00:00,H,INCLAN,1076.8333
10:00:00,H,INCLAN,806.6071
11:00:00,H,INCLAN,741.2738
12:00:00,H,INCLAN,836.8810
13:00:00,H,INCLAN,847.1905
14:00:00,H,INCLAN,796.0714
15:00:00,H,INCLAN,809.9405
16:00:00,H,INCLAN,1073.8214
17:00:00,H,INCLAN,954.4405
18:00:00,H,INCLAN,906.6548
19:00:00,H,INCLAN,554.7262
20:00:00,H,INCLAN,393.8690
21:00:00,H,INCLAN,247.9286
22:00:00,H,INCLAN,116.1667
23:00:00,H,INCLAN,2.1818
5:00:00,C,INDEPENDENCIA,102.7439
6:00:00,C,INDEPENDENCIA,359.1852
7:00:00,C,INDEPENDENCIA,986.9277
8:00:00,C,INDEPENDENCIA,1417.2381
9:00:00,C,INDEPENDENCIA,1315.1310
10:00:00,C,INDEPENDENCIA,1162.2024
11:00:00,C,INDEPENDENCIA,1366.4762
12:00:00,C,INDEPENDENCIA,1379.7500
13:00:00,C,INDEPENDENCIA,1409.9048
14:00:00,C,INDEPENDENCIA,1343.7500
15:00:00,C,INDEPENDENCIA,1372.5476
16:00:00,C,INDEPENDENCIA,1641.5833
17:00:00,C,INDEPENDENCIA,1911.6190
18:00:00,C,INDEPENDENCIA,2043.5238
19:00:00,C,INDEPENDENCIA,1242.2619
20:00:00,C,INDEPENDENCIA,930.6786
21:00:00,C,INDEPENDENCIA,756.7143
22:00:00,C,INDEPENDENCIA,310.7738
23:00:00,C,INDEPENDENCIA,0.8333
5:00:00,E,INDEPENDENCIA.H,103.3200
6:00:00,E,INDEPENDENCIA.H,300.3077
7:00:00,E,INDEPENDENCIA.H,697.4699
8:00:00,E,INDEPENDENCIA.H,1069.6548
9:00:00,E,INDEPENDENCIA.H,1464.3095
10:00:00,E,INDEPENDENCIA.H,1422.6548
11:00:00,E,INDEPENDENCIA.H,3946.2143
12:00:00,E,INDEPENDENCIA.H,1876.8929
13:00:00,E,INDEPENDENCIA.H,1560.7738
14:00:00,E,INDEPENDENCIA.H,1114.8333
15:00:00,E,INDEPENDENCIA.H,1293.2381
16:00:00,E,INDEPENDENCIA.H,1448.2619
17:00:00,E,INDEPENDENCIA.H,2325.9524
18:00:00,E,INDEPENDENCIA.H,2017.7976
19:00:00,E,INDEPENDENCIA.H,1555.1190
20:00:00,E,INDEPENDENCIA.H,2003.3690
21:00:00,E,INDEPENDENCIA.H,2448.3214
22:00:00,E,INDEPENDENCIA.H,2216.0119
23:00:00,E,INDEPENDENCIA.H,1.3333
5:00:00,D,"JOSE HERNANDEZ",105.7778
6:00:00,D,"JOSE HERNANDEZ",843.3333
7:00:00,D,"JOSE HERNANDEZ",2947.4458
8:00:00,D,"JOSE HERNANDEZ",4592.4643
9:00:00,D,"JOSE HERNANDEZ",3657.7500
10:00:00,D,"JOSE HERNANDEZ",2869.1548
11:00:00,D,"JOSE HERNANDEZ",2798.4167
12:00:00,D,"JOSE HERNANDEZ",3092.6667
13:00:00,D,"JOSE HERNANDEZ",3098.8571
14:00:00,D,"JOSE HERNANDEZ",2859.2024
15:00:00,D,"JOSE HERNANDEZ",2855.1429
16:00:00,D,"JOSE HERNANDEZ",3397.8095
17:00:00,D,"JOSE HERNANDEZ",3677.3333
18:00:00,D,"JOSE HERNANDEZ",3352.0714
19:00:00,D,"JOSE HERNANDEZ",2535.4762
20:00:00,D,"JOSE HERNANDEZ",2117.8690
21:00:00,D,"JOSE HERNANDEZ",1157.2857
22:00:00,D,"JOSE HERNANDEZ",303.0595
23:00:00,D,"JOSE HERNANDEZ",1.3333
5:00:00,E,"JOSE MARIA MORENO",55.7229
6:00:00,E,"JOSE MARIA MORENO",414.6184
7:00:00,E,"JOSE MARIA MORENO",1509.0361
8:00:00,E,"JOSE MARIA MORENO",2167.3810
9:00:00,E,"JOSE MARIA MORENO",1694.2619
10:00:00,E,"JOSE MARIA MORENO",970.6190
11:00:00,E,"JOSE MARIA MORENO",797.8929
12:00:00,E,"JOSE MARIA MORENO",835.2619
13:00:00,E,"JOSE MARIA MORENO",837.6786
14:00:00,E,"JOSE MARIA MORENO",687.1310
15:00:00,E,"JOSE MARIA MORENO",650.5476
16:00:00,E,"JOSE MARIA MORENO",699.7381
17:00:00,E,"JOSE MARIA MORENO",814.7619
18:00:00,E,"JOSE MARIA MORENO",849.5595
19:00:00,E,"JOSE MARIA MORENO",554.6190
20:00:00,E,"JOSE MARIA MORENO",435.4643
21:00:00,E,"JOSE MARIA MORENO",319.1786
22:00:00,E,"JOSE MARIA MORENO",89.8929
23:00:00,E,"JOSE MARIA MORENO",1.5714
5:00:00,E,JUJUY,82.6250
6:00:00,E,JUJUY,249.2361
7:00:00,E,JUJUY,569.1446
8:00:00,E,JUJUY,892.6786
9:00:00,E,JUJUY,823.4048
10:00:00,E,JUJUY,678.3095
11:00:00,E,JUJUY,685.1786
12:00:00,E,JUJUY,780.4167
13:00:00,E,JUJUY,733.9881
14:00:00,E,JUJUY,707.8095
15:00:00,E,JUJUY,674.7619
16:00:00,E,JUJUY,747.2500
17:00:00,E,JUJUY,813.8214
18:00:00,E,JUJUY,865.7024
19:00:00,E,JUJUY,509.2262
20:00:00,E,JUJUY,414.8214
21:00:00,E,JUJUY,298.4286
22:00:00,E,JUJUY,121.6429
23:00:00,E,JUJUY,1.0000
5:00:00,D,JURAMENTO,164.6712
6:00:00,D,JURAMENTO,1081.8082
7:00:00,D,JURAMENTO,3444.8193
8:00:00,D,JURAMENTO,5844.2262
9:00:00,D,JURAMENTO,4684.3452
10:00:00,D,JURAMENTO,3924.9643
11:00:00,D,JURAMENTO,3895.3214
12:00:00,D,JURAMENTO,4277.8214
13:00:00,D,JURAMENTO,4620.4048
14:00:00,D,JURAMENTO,4349.7024
15:00:00,D,JURAMENTO,4410.0714
16:00:00,D,JURAMENTO,4987.1429
17:00:00,D,JURAMENTO,5429.0357
18:00:00,D,JURAMENTO,5824.4881
19:00:00,D,JURAMENTO,4354.2143
20:00:00,D,JURAMENTO,3719.9286
21:00:00,D,JURAMENTO,2215.2143
22:00:00,D,JURAMENTO,465.0357
23:00:00,D,JURAMENTO,1.0000
5:00:00,H,"LAS HERAS",69.3611
6:00:00,H,"LAS HERAS",247.9722
7:00:00,H,"LAS HERAS",800.8554
8:00:00,H,"LAS HERAS",1260.7143
9:00:00,H,"LAS HERAS",1221.6548
10:00:00,H,"LAS HERAS",1355.4405
11:00:00,H,"LAS HERAS",1498.5238
12:00:00,H,"LAS HERAS",1829.5119
13:00:00,H,"LAS HERAS",2025.3690
14:00:00,H,"LAS HERAS",1943.7738
15:00:00,H,"LAS HERAS",2258.5119
16:00:00,H,"LAS HERAS",2779.9286
17:00:00,H,"LAS HERAS",3186.7381
18:00:00,H,"LAS HERAS",3453.5595
19:00:00,H,"LAS HERAS",2621.6190
20:00:00,H,"LAS HERAS",2529.9286
21:00:00,H,"LAS HERAS",1722.4167
22:00:00,H,"LAS HERAS",690.8571
23:00:00,H,"LAS HERAS",1.2222
5:00:00,C,LAVALLE,74.5417
6:00:00,C,LAVALLE,263.6250
7:00:00,C,LAVALLE,446.3976
8:00:00,C,LAVALLE,492.1905
9:00:00,C,LAVALLE,543.6667
10:00:00,C,LAVALLE,875.0119
11:00:00,C,LAVALLE,1167.7381
12:00:00,C,LAVALLE,1540.2381
13:00:00,C,LAVALLE,1906.1667
14:00:00,C,LAVALLE,2433.4048
15:00:00,C,LAVALLE,3349.2619
16:00:00,C,LAVALLE,4174.4286
17:00:00,C,LAVALLE,5565.4881
18:00:00,C,LAVALLE,6439.4762
19:00:00,C,LAVALLE,3344.8333
20:00:00,C,LAVALLE,2111.6190
21:00:00,C,LAVALLE,1432.4167
22:00:00,C,LAVALLE,356.4048
23:00:00,C,LAVALLE,1.0000
5:00:00,B,"LEANDRO N. ALEM",554.5556
6:00:00,B,"LEANDRO N. ALEM",1821.9865
7:00:00,B,"LEANDRO N. ALEM",3463.3133
8:00:00,B,"LEANDRO N. ALEM",4068.4762
9:00:00,B,"LEANDRO N. ALEM",3768.5714
10:00:00,B,"LEANDRO N. ALEM",3354.9762
11:00:00,B,"LEANDRO N. ALEM",3706.2857
12:00:00,B,"LEANDRO N. ALEM",4528.2500
13:00:00,B,"LEANDRO N. ALEM",5227.0714
14:00:00,B,"LEANDRO N. ALEM",5240.4286
15:00:00,B,"LEANDRO N. ALEM",5827.2262
16:00:00,B,"LEANDRO N. ALEM",7130.3929
17:00:00,B,"LEANDRO N. ALEM",12330.8690
18:00:00,B,"LEANDRO N. ALEM",13356.6190
19:00:00,B,"LEANDRO N. ALEM",6205.2262
20:00:00,B,"LEANDRO N. ALEM",3866.5119
21:00:00,B,"LEANDRO N. ALEM",2482.1429
22:00:00,B,"LEANDRO N. ALEM",824.1786
5:00:00,A,LIMA,78.5417
6:00:00,A,LIMA,315.9306
7:00:00,A,LIMA,713.5181
8:00:00,A,LIMA,962.0357
9:00:00,A,LIMA,1153.1190
10:00:00,A,LIMA,1361.1190
11:00:00,A,LIMA,1566.8095
12:00:00,A,LIMA,1741.3929
13:00:00,A,LIMA,1929.7738
14:00:00,A,LIMA,2097.7262
15:00:00,A,LIMA,2396.4048
16:00:00,A,LIMA,2644.5714
17:00:00,A,LIMA,3082.0238
18:00:00,A,LIMA,3220.2857
19:00:00,A,LIMA,1828.6905
20:00:00,A,LIMA,1261.7143
21:00:00,A,LIMA,843.7024
22:00:00,A,LIMA,456.6548
23:00:00,A,LIMA,2.5000
5:00:00,A,LORIA,127.0000
6:00:00,A,LORIA,473.9028
7:00:00,A,LORIA,1249.3373
8:00:00,A,LORIA,1717.3571
9:00:00,A,LORIA,1789.7857
10:00:00,A,LORIA,1762.0357
11:00:00,A,LORIA,1720.2976
12:00:00,A,LORIA,2011.9762
13:00:00,A,LORIA,1986.6905
14:00:00,A,LORIA,1887.8452
15:00:00,A,LORIA,1700.9167
16:00:00,A,LORIA,1856.8571
17:00:00,A,LORIA,2079.1667
18:00:00,A,LORIA,1966.7976
19:00:00,A,LORIA,1428.1905
20:00:00,A,LORIA,1137.9286
21:00:00,A,LORIA,899.7500
22:00:00,A,LORIA,319.3690
23:00:00,A,LORIA,2.9091
5:00:00,B,"LOS INCAS",174.9028
6:00:00,B,"LOS INCAS",1183.2917
7:00:00,B,"LOS INCAS",3170.4096
8:00:00,B,"LOS INCAS",5041.3929
9:00:00,B,"LOS INCAS",3841.2619
10:00:00,B,"LOS INCAS",2672.7738
11:00:00,B,"LOS INCAS",2377.1429
12:00:00,B,"LOS INCAS",2335.2500
13:00:00,B,"LOS INCAS",2291.9643
14:00:00,B,"LOS INCAS",2003.2024
15:00:00,B,"LOS INCAS",1898.4286
16:00:00,B,"LOS INCAS",2144.7857
17:00:00,B,"LOS INCAS",2566.2500
18:00:00,B,"LOS INCAS",2364.7024
19:00:00,B,"LOS INCAS",1532.2857
20:00:00,B,"LOS INCAS",1104.7619
21:00:00,B,"LOS INCAS",686.7738
22:00:00,B,"LOS INCAS",152.5357
23:00:00,B,"LOS INCAS",1.0000
5:00:00,B,MALABIA,177.0278
6:00:00,B,MALABIA,1089.6806
7:00:00,B,MALABIA,4176.9277
8:00:00,B,MALABIA,7038.7143
9:00:00,B,MALABIA,6541.2143
10:00:00,B,MALABIA,4866.8571
11:00:00,B,MALABIA,4432.6310
12:00:00,B,MALABIA,4686.7857
13:00:00,B,MALABIA,4637.5000
14:00:00,B,MALABIA,4258.7381
15:00:00,B,MALABIA,4129.3810
16:00:00,B,MALABIA,4403.1310
17:00:00,B,MALABIA,5299.8810
18:00:00,B,MALABIA,5343.3929
19:00:00,B,MALABIA,3647.6310
20:00:00,B,MALABIA,3186.9524
21:00:00,B,MALABIA,1734.3810
22:00:00,B,MALABIA,479.3333
23:00:00,B,MALABIA,1.8182
5:00:00,C,"MARIANO MORENO",74.9167
6:00:00,C,"MARIANO MORENO",218.7222
7:00:00,C,"MARIANO MORENO",419.0602
8:00:00,C,"MARIANO MORENO",650.4167
9:00:00,C,"MARIANO MORENO",850.9286
10:00:00,C,"MARIANO MORENO",1125.2738
11:00:00,C,"MARIANO MORENO",1383.7262
12:00:00,C,"MARIANO MORENO",1767.9405
13:00:00,C,"MARIANO MORENO",1838.8452
14:00:00,C,"MARIANO MORENO",2004.9405
15:00:00,C,"MARIANO MORENO",2408.8810
16:00:00,C,"MARIANO MORENO",2803.4048
17:00:00,C,"MARIANO MORENO",3857.2381
18:00:00,C,"MARIANO MORENO",4128.7381
19:00:00,C,"MARIANO MORENO",1680.5833
20:00:00,C,"MARIANO MORENO",974.5833
21:00:00,C,"MARIANO MORENO",582.3929
22:00:00,C,"MARIANO MORENO",230.2738
23:00:00,C,"MARIANO MORENO",2.0000
5:00:00,E,"MEDALLA MILAGROSA",55.8356
6:00:00,E,"MEDALLA MILAGROSA",249.4247
7:00:00,E,"MEDALLA MILAGROSA",796.5060
8:00:00,E,"MEDALLA MILAGROSA",1138.0476
9:00:00,E,"MEDALLA MILAGROSA",832.1190
10:00:00,E,"MEDALLA MILAGROSA",488.7500
11:00:00,E,"MEDALLA MILAGROSA",384.0952
12:00:00,E,"MEDALLA MILAGROSA",461.1190
13:00:00,E,"MEDALLA MILAGROSA",428.8214
14:00:00,E,"MEDALLA MILAGROSA",335.6667
15:00:00,E,"MEDALLA MILAGROSA",301.2024
16:00:00,E,"MEDALLA MILAGROSA",336.6429
17:00:00,E,"MEDALLA MILAGROSA",383.0595
18:00:00,E,"MEDALLA MILAGROSA",339.9643
19:00:00,E,"MEDALLA MILAGROSA",221.2381
20:00:00,E,"MEDALLA MILAGROSA",174.8810
21:00:00,E,"MEDALLA MILAGROSA",115.0000
22:00:00,E,"MEDALLA MILAGROSA",23.1071
23:00:00,E,"MEDALLA MILAGROSA",0.0000
5:00:00,B,MEDRANO,183.9583
6:00:00,B,MEDRANO,972.1944
7:00:00,B,MEDRANO,3049.9639
8:00:00,B,MEDRANO,4711.5119
9:00:00,B,MEDRANO,4773.3333
10:00:00,B,MEDRANO,4165.7143
11:00:00,B,MEDRANO,4337.2024
12:00:00,B,MEDRANO,4650.6786
13:00:00,B,MEDRANO,4273.6905
14:00:00,B,MEDRANO,4218.4643
15:00:00,B,MEDRANO,4067.3452
16:00:00,B,MEDRANO,4441.0238
17:00:00,B,MEDRANO,4978.8929
18:00:00,B,MEDRANO,4809.4048
19:00:00,B,MEDRANO,3623.2262
20:00:00,B,MEDRANO,3122.7024
21:00:00,B,MEDRANO,2450.0000
22:00:00,B,MEDRANO,791.6310
23:00:00,B,MEDRANO,2.3000
5:00:00,D,"MINISTRO CARRANZA",171.0137
6:00:00,D,"MINISTRO CARRANZA",669.6203
7:00:00,D,"MINISTRO CARRANZA",2542.3373
8:00:00,D,"MINISTRO CARRANZA",4151.1071
9:00:00,D,"MINISTRO CARRANZA",3817.0595
10:00:00,D,"MINISTRO CARRANZA",2758.2976
11:00:00,D,"MINISTRO CARRANZA",2507.9048
12:00:00,D,"MINISTRO CARRANZA",2828.6667
13:00:00,D,"MINISTRO CARRANZA",2958.4881
14:00:00,D,"MINISTRO CARRANZA",2457.5238
15:00:00,D,"MINISTRO CARRANZA",2489.0952
16:00:00,D,"MINISTRO CARRANZA",2694.8333
17:00:00,D,"MINISTRO CARRANZA",3147.1786
18:00:00,D,"MINISTRO CARRANZA",3436.0714
19:00:00,D,"MINISTRO CARRANZA",2090.3690
20:00:00,D,"MINISTRO CARRANZA",1466.2738
21:00:00,D,"MINISTRO CARRANZA",986.5952
22:00:00,D,"MINISTRO CARRANZA",276.6071
23:00:00,D,"MINISTRO CARRANZA",1.4000
5:00:00,D,OLLEROS,125.0000
6:00:00,D,OLLEROS,767.4861
7:00:00,D,OLLEROS,2847.4337
8:00:00,D,OLLEROS,4561.1071
9:00:00,D,OLLEROS,4140.1071
10:00:00,D,OLLEROS,3294.7262
11:00:00,D,OLLEROS,3194.7500
12:00:00,D,OLLEROS,3482.6905
13:00:00,D,OLLEROS,3558.7143
14:00:00,D,OLLEROS,3295.1071
15:00:00,D,OLLEROS,3181.9643
16:00:00,D,OLLEROS,3671.9048
17:00:00,D,OLLEROS,3985.4643
18:00:00,D,OLLEROS,3782.4643
19:00:00,D,OLLEROS,2809.0833
20:00:00,D,OLLEROS,2264.9762
21:00:00,D,OLLEROS,1341.1190
22:00:00,D,OLLEROS,351.8214
23:00:00,D,OLLEROS,3.1667
5:00:00,H,ONCE,210.9722
6:00:00,H,ONCE,715.7361
7:00:00,H,ONCE,1291.4578
8:00:00,H,ONCE,1815.1786
9:00:00,H,ONCE,1803.7619
10:00:00,H,ONCE,1704.0833
11:00:00,H,ONCE,1891.6786
12:00:00,H,ONCE,2220.1071
13:00:00,H,ONCE,2424.8452
14:00:00,H,ONCE,2234.1190
15:00:00,H,ONCE,2185.7381
16:00:00,H,ONCE,2230.0833
17:00:00,H,ONCE,2344.6667
18:00:00,H,ONCE,2546.1310
19:00:00,H,ONCE,1636.4167
20:00:00,H,ONCE,1066.7738
21:00:00,H,ONCE,653.4524
22:00:00,H,ONCE,237.6190
23:00:00,H,ONCE,3.8182
5:00:00,D,PALERMO,396.2222
6:00:00,D,PALERMO,1690.6944
7:00:00,D,PALERMO,4083.3373
8:00:00,D,PALERMO,6486.8810
9:00:00,D,PALERMO,6201.8452
10:00:00,D,PALERMO,4567.0714
11:00:00,D,PALERMO,4300.9405
12:00:00,D,PALERMO,4501.4881
13:00:00,D,PALERMO,4888.3690
14:00:00,D,PALERMO,4551.4881
15:00:00,D,PALERMO,4327.6310
16:00:00,D,PALERMO,4769.3929
17:00:00,D,PALERMO,5582.7857
18:00:00,D,PALERMO,6218.2857
19:00:00,D,PALERMO,4032.5238
20:00:00,D,PALERMO,2985.5119
21:00:00,D,PALERMO,2110.1190
22:00:00,D,PALERMO,691.5595
23:00:00,D,PALERMO,3.6923
5:00:00,A,PASCO,44.2639
6:00:00,A,PASCO,157.5833
7:00:00,A,PASCO,346.4337
8:00:00,A,PASCO,618.1310
9:00:00,A,PASCO,778.8333
10:00:00,A,PASCO,917.3452
11:00:00,A,PASCO,1019.3810
12:00:00,A,PASCO,1151.6310
13:00:00,A,PASCO,1203.8690
14:00:00,A,PASCO,1157.8690
15:00:00,A,PASCO,1058.7024
16:00:00,A,PASCO,1029.0238
17:00:00,A,PASCO,1102.4643
18:00:00,A,PASCO,1062.8095
19:00:00,A,PASCO,668.5595
20:00:00,A,PASCO,520.8571
21:00:00,A,PASCO,280.7976
22:00:00,A,PASCO,83.3810
5:00:00,B,PASTEUR,85.2778
6:00:00,B,PASTEUR,341.0278
7:00:00,B,PASTEUR,927.9518
8:00:00,B,PASTEUR,1599.2024
9:00:00,B,PASTEUR,1944.3095
10:00:00,B,PASTEUR,2463.7143
11:00:00,B,PASTEUR,3296.2738
12:00:00,B,PASTEUR,4055.4524
13:00:00,B,PASTEUR,4308.5238
14:00:00,B,PASTEUR,3993.1667
15:00:00,B,PASTEUR,4218.7262
16:00:00,B,PASTEUR,4319.6905
17:00:00,B,PASTEUR,4526.1786
18:00:00,B,PASTEUR,4887.7143
19:00:00,B,PASTEUR,3045.1071
20:00:00,B,PASTEUR,2033.4881
21:00:00,B,PASTEUR,1332.1667
22:00:00,B,PASTEUR,631.6310
23:00:00,B,PASTEUR,1.6000
5:00:00,H,PATRICIOS,192.3836
6:00:00,H,PATRICIOS,752.6528
7:00:00,H,PATRICIOS,1641.3976
8:00:00,H,PATRICIOS,2084.2262
9:00:00,H,PATRICIOS,1564.9286
10:00:00,H,PATRICIOS,1170.0119
11:00:00,H,PATRICIOS,1141.0357
12:00:00,H,PATRICIOS,1329.4286
13:00:00,H,PATRICIOS,1385.2619
14:00:00,H,PATRICIOS,1217.4405
15:00:00,H,PATRICIOS,1190.7143
16:00:00,H,PATRICIOS,1342.3690
17:00:00,H,PATRICIOS,1778.6548
18:00:00,H,PATRICIOS,2089.5833
19:00:00,H,PATRICIOS,953.2262
20:00:00,H,PATRICIOS,674.6905
21:00:00,H,PATRICIOS,408.1905
22:00:00,H,PATRICIOS,130.0714
23:00:00,H,PATRICIOS,2.6364
5:00:00,A,PERU,49.7222
6:00:00,A,PERU,148.9167
7:00:00,A,PERU,268.3373
8:00:00,A,PERU,399.0714
9:00:00,A,PERU,594.7143
10:00:00,A,PERU,1108.2381
11:00:00,A,PERU,1682.7024
12:00:00,A,PERU,2155.7262
13:00:00,A,PERU,2612.3571
14:00:00,A,PERU,3236.1548
15:00:00,A,PERU,4160.6071
16:00:00,A,PERU,4505.6667
17:00:00,A,PERU,6725.0000
18:00:00,A,PERU,7311.6310
19:00:00,A,PERU,3741.6190
20:00:00,A,PERU,2506.2857
21:00:00,A,PERU,1500.5595
22:00:00,A,PERU,442.7738
5:00:00,E,PICHINCHA,88.3611
6:00:00,E,PICHINCHA,243.0278
7:00:00,E,PICHINCHA,672.1687
8:00:00,E,PICHINCHA,873.7024
9:00:00,E,PICHINCHA,783.3333
10:00:00,E,PICHINCHA,648.3690
11:00:00,E,PICHINCHA,598.4048
12:00:00,E,PICHINCHA,621.9405
13:00:00,E,PICHINCHA,627.2738
14:00:00,E,PICHINCHA,543.8571
15:00:00,E,PICHINCHA,565.0952
16:00:00,E,PICHINCHA,628.2857
17:00:00,E,PICHINCHA,585.7976
18:00:00,E,PICHINCHA,547.9048
19:00:00,E,PICHINCHA,413.5238
20:00:00,E,PICHINCHA,310.5119
21:00:00,E,PICHINCHA,245.0714
22:00:00,E,PICHINCHA,77.3214
23:00:00,E,PICHINCHA,1.5000
5:00:00,A,PIEDRAS,40.0139
6:00:00,A,PIEDRAS,147.1806
7:00:00,A,PIEDRAS,283.3976
8:00:00,A,PIEDRAS,448.8690
9:00:00,A,PIEDRAS,555.6071
10:00:00,A,PIEDRAS,819.7262
11:00:00,A,PIEDRAS,1071.6905
12:00:00,A,PIEDRAS,1370.7143
13:00:00,A,PIEDRAS,1618.6190
14:00:00,A,PIEDRAS,1808.7143
15:00:00,A,PIEDRAS,2499.5000
16:00:00,A,PIEDRAS,2678.8571
17:00:00,A,PIEDRAS,3910.6667
18:00:00,A,PIEDRAS,4037.2381
19:00:00,A,PIEDRAS,1829.6667
20:00:00,A,PIEDRAS,1117.5000
21:00:00,A,PIEDRAS,993.6667
22:00:00,A,PIEDRAS,293.3333
23:00:00,A,PIEDRAS,2.0000
5:00:00,A,"PLAZA DE MAYO",241.7973
6:00:00,A,"PLAZA DE MAYO",840.8194
7:00:00,A,"PLAZA DE MAYO",1536.3614
8:00:00,A,"PLAZA DE MAYO",1960.7381
9:00:00,A,"PLAZA DE MAYO",2078.1548
10:00:00,A,"PLAZA DE MAYO",2325.5952
11:00:00,A,"PLAZA DE MAYO",2785.3690
12:00:00,A,"PLAZA DE MAYO",3496.8571
13:00:00,A,"PLAZA DE MAYO",4241.7024
14:00:00,A,"PLAZA DE MAYO",4551.9048
15:00:00,A,"PLAZA DE MAYO",5499.2024
16:00:00,A,"PLAZA DE MAYO",6989.0714
17:00:00,A,"PLAZA DE MAYO",11183.6429
18:00:00,A,"PLAZA DE MAYO",11164.7143
19:00:00,A,"PLAZA DE MAYO",5040.0119
20:00:00,A,"PLAZA DE MAYO",2946.9762
21:00:00,A,"PLAZA DE MAYO",1556.0357
22:00:00,A,"PLAZA DE MAYO",557.1905
23:00:00,A,"PLAZA DE MAYO",0.0000
5:00:00,D,"PLAZA ITALIA",150.6806
6:00:00,D,"PLAZA ITALIA",555.1111
7:00:00,D,"PLAZA ITALIA",1827.6265
8:00:00,D,"PLAZA ITALIA",3224.8810
9:00:00,D,"PLAZA ITALIA",3025.9524
10:00:00,D,"PLAZA ITALIA",2540.5714
11:00:00,D,"PLAZA ITALIA",2509.3929
12:00:00,D,"PLAZA ITALIA",2803.2143
13:00:00,D,"PLAZA ITALIA",2952.3571
14:00:00,D,"PLAZA ITALIA",2827.2381
15:00:00,D,"PLAZA ITALIA",3045.0714
16:00:00,D,"PLAZA ITALIA",3791.2857
17:00:00,D,"PLAZA ITALIA",4183.5476
18:00:00,D,"PLAZA ITALIA",4295.2024
19:00:00,D,"PLAZA ITALIA",3376.9881
20:00:00,D,"PLAZA ITALIA",2540.3571
21:00:00,D,"PLAZA ITALIA",1529.8929
22:00:00,D,"PLAZA ITALIA",497.5119
23:00:00,D,"PLAZA ITALIA",4.3333
5:00:00,A,"PLAZA MISERERE",499.4198
6:00:00,A,"PLAZA MISERERE",1563.1200
7:00:00,A,"PLAZA MISERERE",2588.6867
8:00:00,A,"PLAZA MISERERE",3937.8095
9:00:00,A,"PLAZA MISERERE",4034.6667
10:00:00,A,"PLAZA MISERERE",3876.7619
11:00:00,A,"PLAZA MISERERE",3734.4048
12:00:00,A,"PLAZA MISERERE",3914.0833
13:00:00,A,"PLAZA MISERERE",4123.0833
14:00:00,A,"PLAZA MISERERE",3834.0714
15:00:00,A,"PLAZA MISERERE",3226.0357
16:00:00,A,"PLAZA MISERERE",3134.6429
17:00:00,A,"PLAZA MISERERE",3389.2024
18:00:00,A,"PLAZA MISERERE",3517.9048
19:00:00,A,"PLAZA MISERERE",2325.3929
20:00:00,A,"PLAZA MISERERE",1544.0952
21:00:00,A,"PLAZA MISERERE",889.5119
22:00:00,A,"PLAZA MISERERE",302.5000
23:00:00,A,"PLAZA MISERERE",4.7692
5:00:00,A,"PRIMERA JUNTA",253.2329
6:00:00,A,"PRIMERA JUNTA",1047.2466
7:00:00,A,"PRIMERA JUNTA",3524.8916
8:00:00,A,"PRIMERA JUNTA",5771.5119
9:00:00,A,"PRIMERA JUNTA",4817.3810
10:00:00,A,"PRIMERA JUNTA",3305.9881
11:00:00,A,"PRIMERA JUNTA",2831.3214
12:00:00,A,"PRIMERA JUNTA",2868.8095
13:00:00,A,"PRIMERA JUNTA",2868.0595
14:00:00,A,"PRIMERA JUNTA",2371.6667
15:00:00,A,"PRIMERA JUNTA",2199.7500
16:00:00,A,"PRIMERA JUNTA",2328.6786
17:00:00,A,"PRIMERA JUNTA",2558.3929
18:00:00,A,"PRIMERA JUNTA",2356.3333
19:00:00,A,"PRIMERA JUNTA",1789.2262
20:00:00,A,"PRIMERA JUNTA",1376.9286
21:00:00,A,"PRIMERA JUNTA",746.7262
22:00:00,A,"PRIMERA JUNTA",207.9167
23:00:00,A,"PRIMERA JUNTA",1.5000
5:00:00,A,PUAN,64.4583
6:00:00,A,PUAN,491.2192
7:00:00,A,PUAN,1926.2169
8:00:00,A,PUAN,3103.8571
9:00:00,A,PUAN,2372.2143
10:00:00,A,PUAN,1553.2500
11:00:00,A,PUAN,1371.8571
12:00:00,A,PUAN,1457.1786
13:00:00,A,PUAN,1582.1310
14:00:00,A,PUAN,1196.5595
15:00:00,A,PUAN,1226.5000
16:00:00,A,PUAN,1419.2143
17:00:00,A,PUAN,1543.1786
18:00:00,A,PUAN,1372.7738
19:00:00,A,PUAN,1099.3929
20:00:00,A,PUAN,839.3214
21:00:00,A,PUAN,673.6667
22:00:00,A,PUAN,110.2976
5:00:00,B,PUEYRREDON,145.5000
6:00:00,B,PUEYRREDON,612.5139
7:00:00,B,PUEYRREDON,1564.9518
8:00:00,B,PUEYRREDON,2504.0238
9:00:00,B,PUEYRREDON,2831.3214
10:00:00,B,PUEYRREDON,2943.1310
11:00:00,B,PUEYRREDON,3556.7143
12:00:00,B,PUEYRREDON,4064.8571
13:00:00,B,PUEYRREDON,4249.0714
14:00:00,B,PUEYRREDON,4032.1310
15:00:00,B,PUEYRREDON,4141.9167
16:00:00,B,PUEYRREDON,4151.4643
17:00:00,B,PUEYRREDON,4195.4524
18:00:00,B,PUEYRREDON,4354.0000
19:00:00,B,PUEYRREDON,2922.5714
20:00:00,B,PUEYRREDON,1661.1429
21:00:00,B,PUEYRREDON,813.8452
22:00:00,B,PUEYRREDON,254.2500
23:00:00,B,PUEYRREDON,2.3333
5:00:00,D,PUEYRREDON.D,70.7222
6:00:00,D,PUEYRREDON.D,371.8056
7:00:00,D,PUEYRREDON.D,1614.7711
8:00:00,D,PUEYRREDON.D,2999.7024
9:00:00,D,PUEYRREDON.D,3345.8571
10:00:00,D,PUEYRREDON.D,2762.1905
11:00:00,D,PUEYRREDON.D,2921.9643
12:00:00,D,PUEYRREDON.D,3172.8690
13:00:00,D,PUEYRREDON.D,3307.2976
14:00:00,D,PUEYRREDON.D,3434.0357
15:00:00,D,PUEYRREDON.D,3427.1548
16:00:00,D,PUEYRREDON.D,3565.8690
17:00:00,D,PUEYRREDON.D,3702.9762
18:00:00,D,PUEYRREDON.D,3520.4167
19:00:00,D,PUEYRREDON.D,2939.5476
20:00:00,D,PUEYRREDON.D,2467.8810
21:00:00,D,PUEYRREDON.D,1468.2500
22:00:00,D,PUEYRREDON.D,485.5952
23:00:00,D,PUEYRREDON.D,1.0000
5:00:00,E,"PZA. DE LOS VIRREYES",486.2632
6:00:00,E,"PZA. DE LOS VIRREYES",2184.8933
7:00:00,E,"PZA. DE LOS VIRREYES",4753.0602
8:00:00,E,"PZA. DE LOS VIRREYES",5577.4286
9:00:00,E,"PZA. DE LOS VIRREYES",3592.5238
10:00:00,E,"PZA. DE LOS VIRREYES",2058.3214
11:00:00,E,"PZA. DE LOS VIRREYES",1788.7143
12:00:00,E,"PZA. DE LOS VIRREYES",1884.0714
13:00:00,E,"PZA. DE LOS VIRREYES",1766.3214
14:00:00,E,"PZA. DE LOS VIRREYES",1300.9643
15:00:00,E,"PZA. DE LOS VIRREYES",1074.0119
16:00:00,E,"PZA. DE LOS VIRREYES",1098.6786
17:00:00,E,"PZA. DE LOS VIRREYES",1295.9643
18:00:00,E,"PZA. DE LOS VIRREYES",1019.0833
19:00:00,E,"PZA. DE LOS VIRREYES",647.0833
20:00:00,E,"PZA. DE LOS VIRREYES",499.4405
21:00:00,E,"PZA. DE LOS VIRREYES",292.6190
22:00:00,E,"PZA. DE LOS VIRREYES",66.7024
23:00:00,E,"PZA. DE LOS VIRREYES",1.6667
5:00:00,C,RETIRO,973.3770
6:00:00,C,RETIRO,3523.0469
7:00:00,C,RETIRO,7376.1690
8:00:00,C,RETIRO,12183.3836
9:00:00,C,RETIRO,11923.9041
10:00:00,C,RETIRO,8298.3973
11:00:00,C,RETIRO,6883.9865
12:00:00,C,RETIRO,7408.8750
13:00:00,C,RETIRO,8184.4306
14:00:00,C,RETIRO,8278.4167
15:00:00,C,RETIRO,7794.5972
16:00:00,C,RETIRO,8523.7534
17:00:00,C,RETIRO,11422.7671
18:00:00,C,RETIRO,11542.1250
19:00:00,C,RETIRO,6827.0278
20:00:00,C,RETIRO,4429.1250
21:00:00,C,RETIRO,2615.1111
22:00:00,C,RETIRO,901.9583
23:00:00,C,RETIRO,1.5000
5:00:00,A,"RIO DE JANEIRO",132.3611
6:00:00,A,"RIO DE JANEIRO",588.8767
7:00:00,A,"RIO DE JANEIRO",2007.3614
8:00:00,A,"RIO DE JANEIRO",3200.5119
9:00:00,A,"RIO DE JANEIRO",3120.5833
10:00:00,A,"RIO DE JANEIRO",2586.3452
11:00:00,A,"RIO DE JANEIRO",2337.1667
12:00:00,A,"RIO DE JANEIRO",2617.8810
13:00:00,A,"RIO DE JANEIRO",2596.9167
14:00:00,A,"RIO DE JANEIRO",2268.1071
15:00:00,A,"RIO DE JANEIRO",2121.9643
16:00:00,A,"RIO DE JANEIRO",2504.5833
17:00:00,A,"RIO DE JANEIRO",2576.4405
18:00:00,A,"RIO DE JANEIRO",2380.4048
19:00:00,A,"RIO DE JANEIRO",1835.8690
20:00:00,A,"RIO DE JANEIRO",1534.8333
21:00:00,A,"RIO DE JANEIRO",1015.0357
22:00:00,A,"RIO DE JANEIRO",316.5000
23:00:00,A,"RIO DE JANEIRO",2.5455
5:00:00,B,ROSAS,606.3867
6:00:00,B,ROSAS,3520.2857
7:00:00,B,ROSAS,11180.5301
8:00:00,B,ROSAS,15973.7738
9:00:00,B,ROSAS,10849.5595
10:00:00,B,ROSAS,6377.0476
11:00:00,B,ROSAS,5052.1786
12:00:00,B,ROSAS,5007.6786
13:00:00,B,ROSAS,5097.7857
14:00:00,B,ROSAS,4221.8690
15:00:00,B,ROSAS,3863.9286
16:00:00,B,ROSAS,4280.7738
17:00:00,B,ROSAS,5286.9048
18:00:00,B,ROSAS,4965.8452
19:00:00,B,ROSAS,3093.0476
20:00:00,B,ROSAS,2429.2500
21:00:00,B,ROSAS,1487.9167
22:00:00,B,ROSAS,284.1310
23:00:00,B,ROSAS,1.0000
5:00:00,A,"SAENZ PEÑA",58.3194
6:00:00,A,"SAENZ PEÑA",270.5972
7:00:00,A,"SAENZ PEÑA",598.0602
8:00:00,A,"SAENZ PEÑA",979.6548
9:00:00,A,"SAENZ PEÑA",1335.1429
10:00:00,A,"SAENZ PEÑA",1775.1548
11:00:00,A,"SAENZ PEÑA",2076.3095
12:00:00,A,"SAENZ PEÑA",2392.2024
13:00:00,A,"SAENZ PEÑA",2608.1667
14:00:00,A,"SAENZ PEÑA",2862.2738
15:00:00,A,"SAENZ PEÑA",2952.4405
16:00:00,A,"SAENZ PEÑA",3126.8333
17:00:00,A,"SAENZ PEÑA",3318.7262
18:00:00,A,"SAENZ PEÑA",3069.7500
19:00:00,A,"SAENZ PEÑA",2061.5833
20:00:00,A,"SAENZ PEÑA",1512.1429
21:00:00,A,"SAENZ PEÑA",1182.5833
22:00:00,A,"SAENZ PEÑA",408.2024
23:00:00,A,"SAENZ PEÑA",1.1250
5:00:00,E,"SAN JOSE",69.5844
6:00:00,E,"SAN JOSE",227.3611
7:00:00,E,"SAN JOSE",517.0843
8:00:00,E,"SAN JOSE",687.6310
9:00:00,E,"SAN JOSE",592.0952
10:00:00,E,"SAN JOSE",534.7738
11:00:00,E,"SAN JOSE",556.4286
12:00:00,E,"SAN JOSE",669.4762
13:00:00,E,"SAN JOSE",657.2857
14:00:00,E,"SAN JOSE",521.8810
15:00:00,E,"SAN JOSE",571.5476
16:00:00,E,"SAN JOSE",670.1429
17:00:00,E,"SAN JOSE",643.2976
18:00:00,E,"SAN JOSE",678.1071
19:00:00,E,"SAN JOSE",547.6667
20:00:00,E,"SAN JOSE",510.6667
21:00:00,E,"SAN JOSE",393.7857
22:00:00,E,"SAN JOSE",125.1905
23:00:00,E,"SAN JOSE",1.3333
5:00:00,C,"SAN JUAN",109.5417
6:00:00,C,"SAN JUAN",382.5556
7:00:00,C,"SAN JUAN",1041.7108
8:00:00,C,"SAN JUAN",1727.4048
9:00:00,C,"SAN JUAN",1841.6190
10:00:00,C,"SAN JUAN",1415.2143
11:00:00,C,"SAN JUAN",1430.0952
12:00:00,C,"SAN JUAN",1617.8929
13:00:00,C,"SAN JUAN",1560.9762
14:00:00,C,"SAN JUAN",1320.4405
15:00:00,C,"SAN JUAN",1271.1190
16:00:00,C,"SAN JUAN",1414.7500
17:00:00,C,"SAN JUAN",1652.1071
18:00:00,C,"SAN JUAN",1705.5595
19:00:00,C,"SAN JUAN",1171.0238
20:00:00,C,"SAN JUAN",959.5000
21:00:00,C,"SAN JUAN",937.5952
22:00:00,C,"SAN JUAN",399.7143
23:00:00,C,"SAN JUAN",1.2500
5:00:00,A,"SAN PEDRITO",632.6389
6:00:00,A,"SAN PEDRITO",3637.3151
7:00:00,A,"SAN PEDRITO",10324.0482
8:00:00,A,"SAN PEDRITO",15150.0952
9:00:00,A,"SAN PEDRITO",10113.3095
10:00:00,A,"SAN PEDRITO",6137.1905
11:00:00,A,"SAN PEDRITO",5417.7262
12:00:00,A,"SAN PEDRITO",5620.0238
13:00:00,A,"SAN PEDRITO",5864.2619
14:00:00,A,"SAN PEDRITO",4823.6667
15:00:00,A,"SAN PEDRITO",4102.8571
16:00:00,A,"SAN PEDRITO",4278.9286
17:00:00,A,"SAN PEDRITO",5138.2738
18:00:00,A,"SAN PEDRITO",3958.8095
19:00:00,A,"SAN PEDRITO",2038.4524
20:00:00,A,"SAN PEDRITO",1366.9167
21:00:00,A,"SAN PEDRITO",815.5833
22:00:00,A,"SAN PEDRITO",173.0000
23:00:00,A,"SAN PEDRITO",1.0000
5:00:00,H,"SANTA FE",59.1351
6:00:00,H,"SANTA FE",198.1667
7:00:00,H,"SANTA FE",596.6429
8:00:00,H,"SANTA FE",899.2619
9:00:00,H,"SANTA FE",915.2381
10:00:00,H,"SANTA FE",994.6190
11:00:00,H,"SANTA FE",1195.8333
12:00:00,H,"SANTA FE",1441.0952
13:00:00,H,"SANTA FE",1477.2143
14:00:00,H,"SANTA FE",1740.7381
15:00:00,H,"SANTA FE",1875.2381
16:00:00,H,"SANTA FE",2051.7857
17:00:00,H,"SANTA FE",2186.2619
18:00:00,H,"SANTA FE",2241.1429
19:00:00,H,"SANTA FE",1944.5000
20:00:00,H,"SANTA FE",1707.6190
21:00:00,H,"SANTA FE",1041.2857
22:00:00,H,"SANTA FE",366.6429
23:00:00,H,"SANTA FE",2.1429
5:00:00,D,"SCALABRINI ORTIZ",113.7532
6:00:00,D,"SCALABRINI ORTIZ",639.0556
7:00:00,D,"SCALABRINI ORTIZ",2741.6506
8:00:00,D,"SCALABRINI ORTIZ",4681.5357
9:00:00,D,"SCALABRINI ORTIZ",4311.6786
10:00:00,D,"SCALABRINI ORTIZ",3054.2976
11:00:00,D,"SCALABRINI ORTIZ",2830.8452
12:00:00,D,"SCALABRINI ORTIZ",3103.1905
13:00:00,D,"SCALABRINI ORTIZ",3192.9286
14:00:00,D,"SCALABRINI ORTIZ",2922.8690
15:00:00,D,"SCALABRINI ORTIZ",3011.8690
16:00:00,D,"SCALABRINI ORTIZ",3450.5119
17:00:00,D,"SCALABRINI ORTIZ",3717.0357
18:00:00,D,"SCALABRINI ORTIZ",3551.9524
19:00:00,D,"SCALABRINI ORTIZ",2819.5000
20:00:00,D,"SCALABRINI ORTIZ",2363.0952
21:00:00,D,"SCALABRINI ORTIZ",1431.7024
22:00:00,D,"SCALABRINI ORTIZ",456.7976
23:00:00,D,"SCALABRINI ORTIZ",4.0909
5:00:00,D,TRIBUNALES,33.9167
6:00:00,D,TRIBUNALES,171.5000
7:00:00,D,TRIBUNALES,670.5663
8:00:00,D,TRIBUNALES,1376.3095
9:00:00,D,TRIBUNALES,2028.4405
10:00:00,D,TRIBUNALES,2835.5952
11:00:00,D,TRIBUNALES,3637.3095
12:00:00,D,TRIBUNALES,4438.3690
13:00:00,D,TRIBUNALES,5638.0833
14:00:00,D,TRIBUNALES,4951.5833
15:00:00,D,TRIBUNALES,5002.7738
16:00:00,D,TRIBUNALES,5074.3452
17:00:00,D,TRIBUNALES,5254.9643
18:00:00,D,TRIBUNALES,6192.3810
19:00:00,D,TRIBUNALES,3466.5952
20:00:00,D,TRIBUNALES,2212.0952
21:00:00,D,TRIBUNALES,1415.0238
22:00:00,D,TRIBUNALES,565.0833
23:00:00,D,TRIBUNALES,2.0000
5:00:00,B,TRONADOR,73.6250
6:00:00,B,TRONADOR,372.8611
7:00:00,B,TRONADOR,1187.2530
8:00:00,B,TRONADOR,1961.1786
9:00:00,B,TRONADOR,1562.8571
10:00:00,B,TRONADOR,1098.4881
11:00:00,B,TRONADOR,1067.8333
12:00:00,B,TRONADOR,1216.3571
13:00:00,B,TRONADOR,1192.4167
14:00:00,B,TRONADOR,1153.5714
15:00:00,B,TRONADOR,1145.3929
16:00:00,B,TRONADOR,1410.4167
17:00:00,B,TRONADOR,2284.5833
18:00:00,B,TRONADOR,2233.2024
19:00:00,B,TRONADOR,856.3452
20:00:00,B,TRONADOR,545.8690
21:00:00,B,TRONADOR,402.7738
22:00:00,B,TRONADOR,153.8810
23:00:00,B,TRONADOR,1.5000
5:00:00,E,URQUIZA,77.4384
6:00:00,E,URQUIZA,328.1528
7:00:00,E,URQUIZA,896.4699
8:00:00,E,URQUIZA,1217.0000
9:00:00,E,URQUIZA,1003.3571
10:00:00,E,URQUIZA,788.3571
11:00:00,E,URQUIZA,745.3571
12:00:00,E,URQUIZA,920.3571
13:00:00,E,URQUIZA,832.9881
14:00:00,E,URQUIZA,722.9881
15:00:00,E,URQUIZA,644.1071
16:00:00,E,URQUIZA,848.4881
17:00:00,E,URQUIZA,741.1429
18:00:00,E,URQUIZA,646.2619
19:00:00,E,URQUIZA,515.8452
20:00:00,E,URQUIZA,398.2738
21:00:00,E,URQUIZA,336.6667
22:00:00,E,URQUIZA,97.5714
23:00:00,E,URQUIZA,0.5714
5:00:00,B,URUGUAY,87.0556
6:00:00,B,URUGUAY,301.5139
7:00:00,B,URUGUAY,728.6747
8:00:00,B,URUGUAY,1306.5952
9:00:00,B,URUGUAY,1998.4048
10:00:00,B,URUGUAY,3012.0000
11:00:00,B,URUGUAY,4043.1548
12:00:00,B,URUGUAY,4766.2262
13:00:00,B,URUGUAY,5535.5952
14:00:00,B,URUGUAY,5373.2738
15:00:00,B,URUGUAY,5558.9762
16:00:00,B,URUGUAY,5825.0119
17:00:00,B,URUGUAY,6290.0952
18:00:00,B,URUGUAY,6624.8690
19:00:00,B,URUGUAY,3979.7500
20:00:00,B,URUGUAY,2648.9524
21:00:00,B,URUGUAY,1873.2024
22:00:00,B,URUGUAY,915.8333
5:00:00,E,VARELA,82.3056
6:00:00,E,VARELA,456.7945
7:00:00,E,VARELA,1170.7317
8:00:00,E,VARELA,1541.7381
9:00:00,E,VARELA,1009.7738
10:00:00,E,VARELA,579.3810
11:00:00,E,VARELA,510.1429
12:00:00,E,VARELA,513.6548
13:00:00,E,VARELA,456.9881
14:00:00,E,VARELA,375.4405
15:00:00,E,VARELA,339.8095
16:00:00,E,VARELA,371.7976
17:00:00,E,VARELA,415.1190
18:00:00,E,VARELA,340.6190
19:00:00,E,VARELA,221.2976
20:00:00,E,VARELA,170.2619
21:00:00,E,VARELA,102.4048
22:00:00,E,VARELA,20.9286
5:00:00,H,VENEZUELA,109.0556
6:00:00,H,VENEZUELA,388.1250
7:00:00,H,VENEZUELA,959.8193
8:00:00,H,VENEZUELA,1409.5833
9:00:00,H,VENEZUELA,1296.1429
10:00:00,H,VENEZUELA,1126.3333
11:00:00,H,VENEZUELA,1207.3214
12:00:00,H,VENEZUELA,1493.4286
13:00:00,H,VENEZUELA,1349.4048
14:00:00,H,VENEZUELA,1229.9881
15:00:00,H,VENEZUELA,1163.5714
16:00:00,H,VENEZUELA,1280.4524
17:00:00,H,VENEZUELA,1349.9286
18:00:00,H,VENEZUELA,1392.3571
19:00:00,H,VENEZUELA,1037.8452
20:00:00,H,VENEZUELA,845.8095
21:00:00,H,VENEZUELA,639.1667
22:00:00,H,VENEZUELA,227.8095
23:00:00,H,VENEZUELA,5.5000
