date,symbol,estacion,price
5:00:00,D,"9 DE JULIO",4848
6:00:00,D,"9 DE JULIO",35738
7:00:00,D,"9 DE JULIO",101197
8:00:00,D,"9 DE JULIO",181634
9:00:00,D,"9 DE JULIO",169088
10:00:00,D,"9 DE JULIO",160619
11:00:00,D,"9 DE JULIO",183385
12:00:00,D,"9 DE JULIO",212698
13:00:00,D,"9 DE JULIO",226023
14:00:00,D,"9 DE JULIO",228183
15:00:00,D,"9 DE JULIO",253992
16:00:00,D,"9 DE JULIO",265332
17:00:00,D,"9 DE JULIO",326176
18:00:00,D,"9 DE JULIO",344895
19:00:00,D,"9 DE JULIO",189902
20:00:00,D,"9 DE JULIO",104887
21:00:00,D,"9 DE JULIO",71488
22:00:00,D,"9 DE JULIO",28985
23:00:00,D,"9 DE JULIO",4
5:00:00,A,ACOYTE,16414
6:00:00,A,ACOYTE,74195
7:00:00,A,ACOYTE,254056
8:00:00,A,ACOYTE,384036
9:00:00,A,ACOYTE,364389
10:00:00,A,ACOYTE,284675
11:00:00,A,ACOYTE,272822
12:00:00,A,ACOYTE,301354
13:00:00,A,ACOYTE,287371
14:00:00,A,ACOYTE,254676
15:00:00,A,ACOYTE,233758
16:00:00,A,ACOYTE,248513
17:00:00,A,ACOYTE,273457
18:00:00,A,ACOYTE,259719
19:00:00,A,ACOYTE,204880
20:00:00,A,ACOYTE,173326
21:00:00,A,ACOYTE,97775
22:00:00,A,ACOYTE,32800
23:00:00,A,ACOYTE,34
5:00:00,D,AGUERO,8282
6:00:00,D,AGUERO,42844
7:00:00,D,AGUERO,202530
8:00:00,D,AGUERO,329804
9:00:00,D,AGUERO,320082
10:00:00,D,AGUERO,229679
11:00:00,D,AGUERO,211227
12:00:00,D,AGUERO,233838
13:00:00,D,AGUERO,232496
14:00:00,D,AGUERO,222645
15:00:00,D,AGUERO,225383
16:00:00,D,AGUERO,254807
17:00:00,D,AGUERO,267304
18:00:00,D,AGUERO,248482
19:00:00,D,AGUERO,195392
20:00:00,D,AGUERO,164283
21:00:00,D,AGUERO,93050
22:00:00,D,AGUERO,32553
23:00:00,D,AGUERO,48
5:00:00,A,ALBERTI,3379
6:00:00,A,ALBERTI,11518
7:00:00,A,ALBERTI,39732
8:00:00,A,ALBERTI,50557
9:00:00,A,ALBERTI,53594
10:00:00,A,ALBERTI,66950
11:00:00,A,ALBERTI,89111
12:00:00,A,ALBERTI,103618
13:00:00,A,ALBERTI,109404
14:00:00,A,ALBERTI,109125
15:00:00,A,ALBERTI,118675
16:00:00,A,ALBERTI,120676
17:00:00,A,ALBERTI,116354
18:00:00,A,ALBERTI,120631
19:00:00,A,ALBERTI,99042
20:00:00,A,ALBERTI,90016
21:00:00,A,ALBERTI,52389
22:00:00,A,ALBERTI,19639
23:00:00,A,ALBERTI,21
5:00:00,B,"ANGEL GALLARDO",10323
6:00:00,B,"ANGEL GALLARDO",65852
7:00:00,B,"ANGEL GALLARDO",281958
8:00:00,B,"ANGEL GALLARDO",451649
9:00:00,B,"ANGEL GALLARDO",435480
10:00:00,B,"ANGEL GALLARDO",332872
11:00:00,B,"ANGEL GALLARDO",308983
12:00:00,B,"ANGEL GALLARDO",327159
13:00:00,B,"ANGEL GALLARDO",311401
14:00:00,B,"ANGEL GALLARDO",296110
15:00:00,B,"ANGEL GALLARDO",284646
16:00:00,B,"ANGEL GALLARDO",319335
17:00:00,B,"ANGEL GALLARDO",335790
18:00:00,B,"ANGEL GALLARDO",318475
19:00:00,B,"ANGEL GALLARDO",241921
20:00:00,B,"ANGEL GALLARDO",195153
21:00:00,B,"ANGEL GALLARDO",121742
22:00:00,B,"ANGEL GALLARDO",35513
23:00:00,B,"ANGEL GALLARDO",20
5:00:00,C,"AVENIDA DE MAYO",6198
6:00:00,C,"AVENIDA DE MAYO",23990
7:00:00,C,"AVENIDA DE MAYO",55590
8:00:00,C,"AVENIDA DE MAYO",67671
9:00:00,C,"AVENIDA DE MAYO",72246
10:00:00,C,"AVENIDA DE MAYO",87433
11:00:00,C,"AVENIDA DE MAYO",99666
12:00:00,C,"AVENIDA DE MAYO",111578
13:00:00,C,"AVENIDA DE MAYO",119109
14:00:00,C,"AVENIDA DE MAYO",135120
15:00:00,C,"AVENIDA DE MAYO",170429
16:00:00,C,"AVENIDA DE MAYO",164327
17:00:00,C,"AVENIDA DE MAYO",208730
18:00:00,C,"AVENIDA DE MAYO",193460
19:00:00,C,"AVENIDA DE MAYO",111162
20:00:00,C,"AVENIDA DE MAYO",79863
21:00:00,C,"AVENIDA DE MAYO",58110
22:00:00,C,"AVENIDA DE MAYO",19024
23:00:00,C,"AVENIDA DE MAYO",0
5:00:00,E,"AVENIDA LA PLATA",8512
6:00:00,E,"AVENIDA LA PLATA",34797
7:00:00,E,"AVENIDA LA PLATA",134590
8:00:00,E,"AVENIDA LA PLATA",186570
9:00:00,E,"AVENIDA LA PLATA",165372
10:00:00,E,"AVENIDA LA PLATA",104577
11:00:00,E,"AVENIDA LA PLATA",90256
12:00:00,E,"AVENIDA LA PLATA",111958
13:00:00,E,"AVENIDA LA PLATA",98131
14:00:00,E,"AVENIDA LA PLATA",80940
15:00:00,E,"AVENIDA LA PLATA",76837
16:00:00,E,"AVENIDA LA PLATA",89518
17:00:00,E,"AVENIDA LA PLATA",94132
18:00:00,E,"AVENIDA LA PLATA",93528
19:00:00,E,"AVENIDA LA PLATA",56404
20:00:00,E,"AVENIDA LA PLATA",45291
21:00:00,E,"AVENIDA LA PLATA",28576
22:00:00,E,"AVENIDA LA PLATA",8163
23:00:00,E,"AVENIDA LA PLATA",8
5:00:00,E,BOEDO,8820
6:00:00,E,BOEDO,29051
7:00:00,E,BOEDO,91479
8:00:00,E,BOEDO,135351
9:00:00,E,BOEDO,128608
10:00:00,E,BOEDO,97812
11:00:00,E,BOEDO,95794
12:00:00,E,BOEDO,104946
13:00:00,E,BOEDO,98890
14:00:00,E,BOEDO,88904
15:00:00,E,BOEDO,83600
16:00:00,E,BOEDO,87598
17:00:00,E,BOEDO,95922
18:00:00,E,BOEDO,89413
19:00:00,E,BOEDO,65169
20:00:00,E,BOEDO,58188
21:00:00,E,BOEDO,34079
22:00:00,E,BOEDO,10602
23:00:00,E,BOEDO,12
5:00:00,E,BOLIVAR,6238
6:00:00,E,BOLIVAR,20394
7:00:00,E,BOLIVAR,43736
8:00:00,E,BOLIVAR,54181
9:00:00,E,BOLIVAR,65198
10:00:00,E,BOLIVAR,98486
11:00:00,E,BOLIVAR,140662
12:00:00,E,BOLIVAR,214042
13:00:00,E,BOLIVAR,236888
14:00:00,E,BOLIVAR,264978
15:00:00,E,BOLIVAR,351962
16:00:00,E,BOLIVAR,452631
17:00:00,E,BOLIVAR,747935
18:00:00,E,BOLIVAR,721184
19:00:00,E,BOLIVAR,332815
20:00:00,E,BOLIVAR,209068
21:00:00,E,BOLIVAR,104767
22:00:00,E,BOLIVAR,49137
23:00:00,E,BOLIVAR,22
5:00:00,D,BULNES,8143
6:00:00,D,BULNES,48175
7:00:00,D,BULNES,221309
8:00:00,D,BULNES,387603
9:00:00,D,BULNES,387732
10:00:00,D,BULNES,312720
11:00:00,D,BULNES,315071
12:00:00,D,BULNES,351418
13:00:00,D,BULNES,371936
14:00:00,D,BULNES,361477
15:00:00,D,BULNES,370671
16:00:00,D,BULNES,406446
17:00:00,D,BULNES,433680
18:00:00,D,BULNES,415170
19:00:00,D,BULNES,368774
20:00:00,D,BULNES,323914
21:00:00,D,BULNES,205971
22:00:00,D,BULNES,104353
23:00:00,D,BULNES,34
5:00:00,D,CALLAO,3335
6:00:00,D,CALLAO,24352
7:00:00,D,CALLAO,102966
8:00:00,D,CALLAO,191160
9:00:00,D,CALLAO,246241
10:00:00,D,CALLAO,259070
11:00:00,D,CALLAO,315416
12:00:00,D,CALLAO,392285
13:00:00,D,CALLAO,386090
14:00:00,D,CALLAO,372566
15:00:00,D,CALLAO,388921
16:00:00,D,CALLAO,442066
17:00:00,D,CALLAO,497122
18:00:00,D,CALLAO,483082
19:00:00,D,CALLAO,357103
20:00:00,D,CALLAO,306260
21:00:00,D,CALLAO,211331
22:00:00,D,CALLAO,85344
23:00:00,D,CALLAO,4
5:00:00,B,CALLAO.B,10409
6:00:00,B,CALLAO.B,40978
7:00:00,B,CALLAO.B,110471
8:00:00,B,CALLAO.B,182238
9:00:00,B,CALLAO.B,217253
10:00:00,B,CALLAO.B,263940
11:00:00,B,CALLAO.B,332851
12:00:00,B,CALLAO.B,417753
13:00:00,B,CALLAO.B,429820
14:00:00,B,CALLAO.B,419032
15:00:00,B,CALLAO.B,442948
16:00:00,B,CALLAO.B,482627
17:00:00,B,CALLAO.B,544765
18:00:00,B,CALLAO.B,540577
19:00:00,B,CALLAO.B,401946
20:00:00,B,CALLAO.B,338583
21:00:00,B,CALLAO.B,255398
22:00:00,B,CALLAO.B,102915
23:00:00,B,CALLAO.B,11
5:00:00,A,CARABOBO,11147
6:00:00,A,CARABOBO,66861
7:00:00,A,CARABOBO,279326
8:00:00,A,CARABOBO,459841
9:00:00,A,CARABOBO,331360
10:00:00,A,CARABOBO,220114
11:00:00,A,CARABOBO,195144
12:00:00,A,CARABOBO,204356
13:00:00,A,CARABOBO,205337
14:00:00,A,CARABOBO,180385
15:00:00,A,CARABOBO,166144
16:00:00,A,CARABOBO,184582
17:00:00,A,CARABOBO,206545
18:00:00,A,CARABOBO,178718
19:00:00,A,CARABOBO,131153
20:00:00,A,CARABOBO,106489
21:00:00,A,CARABOBO,59370
22:00:00,A,CARABOBO,17877
23:00:00,A,CARABOBO,7
5:00:00,B,"CARLOS GARDEL",10851
6:00:00,B,"CARLOS GARDEL",39070
7:00:00,B,"CARLOS GARDEL",116627
8:00:00,B,"CARLOS GARDEL",192930
9:00:00,B,"CARLOS GARDEL",201253
10:00:00,B,"CARLOS GARDEL",209218
11:00:00,B,"CARLOS GARDEL",253103
12:00:00,B,"CARLOS GARDEL",302748
13:00:00,B,"CARLOS GARDEL",331104
14:00:00,B,"CARLOS GARDEL",359591
15:00:00,B,"CARLOS GARDEL",386194
16:00:00,B,"CARLOS GARDEL",450633
17:00:00,B,"CARLOS GARDEL",493721
18:00:00,B,"CARLOS GARDEL",496454
19:00:00,B,"CARLOS GARDEL",440861
20:00:00,B,"CARLOS GARDEL",382902
21:00:00,B,"CARLOS GARDEL",305107
22:00:00,B,"CARLOS GARDEL",158686
23:00:00,B,"CARLOS GARDEL",16
5:00:00,B,"CARLOS PELLEGRINI",16938
6:00:00,B,"CARLOS PELLEGRINI",66266
7:00:00,B,"CARLOS PELLEGRINI",181396
8:00:00,B,"CARLOS PELLEGRINI",209982
9:00:00,B,"CARLOS PELLEGRINI",216703
10:00:00,B,"CARLOS PELLEGRINI",265084
11:00:00,B,"CARLOS PELLEGRINI",337416
12:00:00,B,"CARLOS PELLEGRINI",402995
13:00:00,B,"CARLOS PELLEGRINI",471371
14:00:00,B,"CARLOS PELLEGRINI",478627
15:00:00,B,"CARLOS PELLEGRINI",540816
16:00:00,B,"CARLOS PELLEGRINI",586969
17:00:00,B,"CARLOS PELLEGRINI",690519
18:00:00,B,"CARLOS PELLEGRINI",793322
19:00:00,B,"CARLOS PELLEGRINI",471248
20:00:00,B,"CARLOS PELLEGRINI",365254
21:00:00,B,"CARLOS PELLEGRINI",276869
22:00:00,B,"CARLOS PELLEGRINI",111991
23:00:00,B,"CARLOS PELLEGRINI",3
5:00:00,H,CASEROS,9660
6:00:00,H,CASEROS,27921
7:00:00,H,CASEROS,83284
8:00:00,H,CASEROS,116779
9:00:00,H,CASEROS,93962
10:00:00,H,CASEROS,78305
11:00:00,H,CASEROS,82734
12:00:00,H,CASEROS,112733
13:00:00,H,CASEROS,106265
14:00:00,H,CASEROS,105242
15:00:00,H,CASEROS,94041
16:00:00,H,CASEROS,102875
17:00:00,H,CASEROS,139537
18:00:00,H,CASEROS,160510
19:00:00,H,CASEROS,64361
20:00:00,H,CASEROS,63367
21:00:00,H,CASEROS,29608
22:00:00,H,CASEROS,11774
23:00:00,H,CASEROS,46
5:00:00,A,"CASTRO BARROS",7671
6:00:00,A,"CASTRO BARROS",36112
7:00:00,A,"CASTRO BARROS",133945
8:00:00,A,"CASTRO BARROS",194500
9:00:00,A,"CASTRO BARROS",200367
10:00:00,A,"CASTRO BARROS",181699
11:00:00,A,"CASTRO BARROS",184441
12:00:00,A,"CASTRO BARROS",199354
13:00:00,A,"CASTRO BARROS",193883
14:00:00,A,"CASTRO BARROS",184916
15:00:00,A,"CASTRO BARROS",180819
16:00:00,A,"CASTRO BARROS",206533
17:00:00,A,"CASTRO BARROS",211783
18:00:00,A,"CASTRO BARROS",205463
19:00:00,A,"CASTRO BARROS",156509
20:00:00,A,"CASTRO BARROS",133871
21:00:00,A,"CASTRO BARROS",97086
22:00:00,A,"CASTRO BARROS",35750
23:00:00,A,"CASTRO BARROS",15
5:00:00,D,CATEDRAL,13633
6:00:00,D,CATEDRAL,54628
7:00:00,D,CATEDRAL,147958
8:00:00,D,CATEDRAL,219044
9:00:00,D,CATEDRAL,236905
10:00:00,D,CATEDRAL,304244
11:00:00,D,CATEDRAL,427016
12:00:00,D,CATEDRAL,554323
13:00:00,D,CATEDRAL,656156
14:00:00,D,CATEDRAL,682108
15:00:00,D,CATEDRAL,841597
16:00:00,D,CATEDRAL,999599
17:00:00,D,CATEDRAL,1643589
18:00:00,D,CATEDRAL,1787554
19:00:00,D,CATEDRAL,797007
20:00:00,D,CATEDRAL,455444
21:00:00,D,CATEDRAL,245836
22:00:00,D,CATEDRAL,83209
23:00:00,D,CATEDRAL,4
5:00:00,A,CONGRESO,8629
6:00:00,A,CONGRESO,30429
7:00:00,A,CONGRESO,87768
8:00:00,A,CONGRESO,128947
9:00:00,A,CONGRESO,159229
10:00:00,A,CONGRESO,194073
11:00:00,A,CONGRESO,235769
12:00:00,A,CONGRESO,283695
13:00:00,A,CONGRESO,313435
14:00:00,A,CONGRESO,325810
15:00:00,A,CONGRESO,349813
16:00:00,A,CONGRESO,359033
17:00:00,A,CONGRESO,363865
18:00:00,A,CONGRESO,345594
19:00:00,A,CONGRESO,297445
20:00:00,A,CONGRESO,248691
21:00:00,A,CONGRESO,176790
22:00:00,A,CONGRESO,69465
23:00:00,A,CONGRESO,70
5:00:00,D,"CONGRESO DE TUCUMAN",31535
6:00:00,D,"CONGRESO DE TUCUMAN",258072
7:00:00,D,"CONGRESO DE TUCUMAN",928608
8:00:00,D,"CONGRESO DE TUCUMAN",1428907
9:00:00,D,"CONGRESO DE TUCUMAN",1091964
10:00:00,D,"CONGRESO DE TUCUMAN",740239
11:00:00,D,"CONGRESO DE TUCUMAN",609897
12:00:00,D,"CONGRESO DE TUCUMAN",624638
13:00:00,D,"CONGRESO DE TUCUMAN",625265
14:00:00,D,"CONGRESO DE TUCUMAN",553110
15:00:00,D,"CONGRESO DE TUCUMAN",534934
16:00:00,D,"CONGRESO DE TUCUMAN",605418
17:00:00,D,"CONGRESO DE TUCUMAN",772399
18:00:00,D,"CONGRESO DE TUCUMAN",835317
19:00:00,D,"CONGRESO DE TUCUMAN",484815
20:00:00,D,"CONGRESO DE TUCUMAN",335064
21:00:00,D,"CONGRESO DE TUCUMAN",193513
22:00:00,D,"CONGRESO DE TUCUMAN",40376
23:00:00,D,"CONGRESO DE TUCUMAN",3
5:00:00,C,CONSTITUCION,555211
6:00:00,C,CONSTITUCION,1511488
7:00:00,C,CONSTITUCION,2653907
8:00:00,C,CONSTITUCION,3266832
9:00:00,C,CONSTITUCION,2551523
10:00:00,C,CONSTITUCION,1576970
11:00:00,C,CONSTITUCION,1288383
12:00:00,C,CONSTITUCION,1234903
13:00:00,C,CONSTITUCION,1246643
14:00:00,C,CONSTITUCION,1067280
15:00:00,C,CONSTITUCION,854535
16:00:00,C,CONSTITUCION,803055
17:00:00,C,CONSTITUCION,836830
18:00:00,C,CONSTITUCION,791852
19:00:00,C,CONSTITUCION,533574
20:00:00,C,CONSTITUCION,382513
21:00:00,C,CONSTITUCION,217887
22:00:00,C,CONSTITUCION,49199
23:00:00,C,CONSTITUCION,2
5:00:00,H,CORDOBA,3504
6:00:00,H,CORDOBA,16257
7:00:00,H,CORDOBA,52192
8:00:00,H,CORDOBA,74549
9:00:00,H,CORDOBA,72940
10:00:00,H,CORDOBA,74853
11:00:00,H,CORDOBA,88173
12:00:00,H,CORDOBA,114012
13:00:00,H,CORDOBA,117558
14:00:00,H,CORDOBA,120349
15:00:00,H,CORDOBA,142541
16:00:00,H,CORDOBA,147269
17:00:00,H,CORDOBA,164397
18:00:00,H,CORDOBA,166266
19:00:00,H,CORDOBA,126889
20:00:00,H,CORDOBA,104940
21:00:00,H,CORDOBA,81845
22:00:00,H,CORDOBA,28849
23:00:00,H,CORDOBA,59
5:00:00,H,CORRIENTES,3002
6:00:00,H,CORRIENTES,9402
7:00:00,H,CORRIENTES,29905
8:00:00,H,CORRIENTES,48628
9:00:00,H,CORRIENTES,53414
10:00:00,H,CORRIENTES,61337
11:00:00,H,CORRIENTES,83285
12:00:00,H,CORRIENTES,103975
13:00:00,H,CORRIENTES,114946
14:00:00,H,CORRIENTES,112840
15:00:00,H,CORRIENTES,121406
16:00:00,H,CORRIENTES,130492
17:00:00,H,CORRIENTES,143723
18:00:00,H,CORRIENTES,176477
19:00:00,H,CORRIENTES,108925
20:00:00,H,CORRIENTES,69294
21:00:00,H,CORRIENTES,36467
22:00:00,H,CORRIENTES,17806
23:00:00,H,CORRIENTES,64
5:00:00,C,"DIAGONAL NORTE",2206
6:00:00,C,"DIAGONAL NORTE",6169
7:00:00,C,"DIAGONAL NORTE",21356
8:00:00,C,"DIAGONAL NORTE",29380
9:00:00,C,"DIAGONAL NORTE",40669
10:00:00,C,"DIAGONAL NORTE",63797
11:00:00,C,"DIAGONAL NORTE",84644
12:00:00,C,"DIAGONAL NORTE",111073
13:00:00,C,"DIAGONAL NORTE",128507
14:00:00,C,"DIAGONAL NORTE",146052
15:00:00,C,"DIAGONAL NORTE",202279
16:00:00,C,"DIAGONAL NORTE",205363
17:00:00,C,"DIAGONAL NORTE",290204
18:00:00,C,"DIAGONAL NORTE",305416
19:00:00,C,"DIAGONAL NORTE",141735
20:00:00,C,"DIAGONAL NORTE",84881
21:00:00,C,"DIAGONAL NORTE",74722
22:00:00,C,"DIAGONAL NORTE",15332
23:00:00,C,"DIAGONAL NORTE",4
5:00:00,B,DORREGO,26945
6:00:00,B,DORREGO,101413
7:00:00,B,DORREGO,296353
8:00:00,B,DORREGO,505004
9:00:00,B,DORREGO,430626
10:00:00,B,DORREGO,316565
11:00:00,B,DORREGO,283114
12:00:00,B,DORREGO,280249
13:00:00,B,DORREGO,280325
14:00:00,B,DORREGO,256943
15:00:00,B,DORREGO,234168
16:00:00,B,DORREGO,279616
17:00:00,B,DORREGO,338352
18:00:00,B,DORREGO,335060
19:00:00,B,DORREGO,190044
20:00:00,B,DORREGO,130608
21:00:00,B,DORREGO,79757
22:00:00,B,DORREGO,24309
23:00:00,B,DORREGO,6
5:00:00,B,ECHEVERRIA,5939
6:00:00,B,ECHEVERRIA,58499
7:00:00,B,ECHEVERRIA,212355
8:00:00,B,ECHEVERRIA,349422
9:00:00,B,ECHEVERRIA,235044
10:00:00,B,ECHEVERRIA,140511
11:00:00,B,ECHEVERRIA,115966
12:00:00,B,ECHEVERRIA,115677
13:00:00,B,ECHEVERRIA,115480
14:00:00,B,ECHEVERRIA,98954
15:00:00,B,ECHEVERRIA,92615
16:00:00,B,ECHEVERRIA,107012
17:00:00,B,ECHEVERRIA,130273
18:00:00,B,ECHEVERRIA,106935
19:00:00,B,ECHEVERRIA,73944
20:00:00,B,ECHEVERRIA,57637
21:00:00,B,ECHEVERRIA,37683
22:00:00,B,ECHEVERRIA,8843
23:00:00,B,ECHEVERRIA,3
5:00:00,E,"EMILIO MITRE",8770
6:00:00,E,"EMILIO MITRE",41904
7:00:00,E,"EMILIO MITRE",153878
8:00:00,E,"EMILIO MITRE",233533
9:00:00,E,"EMILIO MITRE",179828
10:00:00,E,"EMILIO MITRE",116890
11:00:00,E,"EMILIO MITRE",105748
12:00:00,E,"EMILIO MITRE",115803
13:00:00,E,"EMILIO MITRE",110419
14:00:00,E,"EMILIO MITRE",95371
15:00:00,E,"EMILIO MITRE",88014
16:00:00,E,"EMILIO MITRE",92033
17:00:00,E,"EMILIO MITRE",102577
18:00:00,E,"EMILIO MITRE",99864
19:00:00,E,"EMILIO MITRE",71247
20:00:00,E,"EMILIO MITRE",59905
21:00:00,E,"EMILIO MITRE",40219
22:00:00,E,"EMILIO MITRE",13740
23:00:00,E,"EMILIO MITRE",15
5:00:00,E,"ENTRE RIOS",3154
6:00:00,E,"ENTRE RIOS",13129
7:00:00,E,"ENTRE RIOS",41272
8:00:00,E,"ENTRE RIOS",53271
9:00:00,E,"ENTRE RIOS",48764
10:00:00,E,"ENTRE RIOS",45390
11:00:00,E,"ENTRE RIOS",46518
12:00:00,E,"ENTRE RIOS",60808
13:00:00,E,"ENTRE RIOS",57251
14:00:00,E,"ENTRE RIOS",48114
15:00:00,E,"ENTRE RIOS",48065
16:00:00,E,"ENTRE RIOS",50918
17:00:00,E,"ENTRE RIOS",55171
18:00:00,E,"ENTRE RIOS",50028
19:00:00,E,"ENTRE RIOS",31558
20:00:00,E,"ENTRE RIOS",25163
21:00:00,E,"ENTRE RIOS",18332
22:00:00,E,"ENTRE RIOS",7894
23:00:00,E,"ENTRE RIOS",16
5:00:00,D,"FACULTAD DE MEDICINA",7828
6:00:00,D,"FACULTAD DE MEDICINA",30330
7:00:00,D,"FACULTAD DE MEDICINA",108712
8:00:00,D,"FACULTAD DE MEDICINA",247195
9:00:00,D,"FACULTAD DE MEDICINA",275607
10:00:00,D,"FACULTAD DE MEDICINA",292588
11:00:00,D,"FACULTAD DE MEDICINA",364893
12:00:00,D,"FACULTAD DE MEDICINA",468578
13:00:00,D,"FACULTAD DE MEDICINA",422057
14:00:00,D,"FACULTAD DE MEDICINA",384293
15:00:00,D,"FACULTAD DE MEDICINA",404073
16:00:00,D,"FACULTAD DE MEDICINA",449819
17:00:00,D,"FACULTAD DE MEDICINA",452937
18:00:00,D,"FACULTAD DE MEDICINA",438275
19:00:00,D,"FACULTAD DE MEDICINA",343864
20:00:00,D,"FACULTAD DE MEDICINA",356162
21:00:00,D,"FACULTAD DE MEDICINA",282706
22:00:00,D,"FACULTAD DE MEDICINA",140072
23:00:00,D,"FACULTAD DE MEDICINA",3
5:00:00,B,"FEDERICO LACROZE",58612
6:00:00,B,"FEDERICO LACROZE",241272
7:00:00,B,"FEDERICO LACROZE",699563
8:00:00,B,"FEDERICO LACROZE",1101162
9:00:00,B,"FEDERICO LACROZE",909765
10:00:00,B,"FEDERICO LACROZE",599875
11:00:00,B,"FEDERICO LACROZE",482455
12:00:00,B,"FEDERICO LACROZE",477659
13:00:00,B,"FEDERICO LACROZE",499138
14:00:00,B,"FEDERICO LACROZE",439231
15:00:00,B,"FEDERICO LACROZE",384894
16:00:00,B,"FEDERICO LACROZE",390786
17:00:00,B,"FEDERICO LACROZE",447239
18:00:00,B,"FEDERICO LACROZE",428362
19:00:00,B,"FEDERICO LACROZE",264649
20:00:00,B,"FEDERICO LACROZE",185210
21:00:00,B,"FEDERICO LACROZE",114749
22:00:00,B,"FEDERICO LACROZE",28429
23:00:00,B,"FEDERICO LACROZE",4
5:00:00,A,FLORES,17945
6:00:00,A,FLORES,79923
7:00:00,A,FLORES,282947
8:00:00,A,FLORES,500274
9:00:00,A,FLORES,352762
10:00:00,A,FLORES,238100
11:00:00,A,FLORES,217892
12:00:00,A,FLORES,225586
13:00:00,A,FLORES,223766
14:00:00,A,FLORES,194176
15:00:00,A,FLORES,176930
16:00:00,A,FLORES,182986
17:00:00,A,FLORES,193245
18:00:00,A,FLORES,169127
19:00:00,A,FLORES,119318
20:00:00,A,FLORES,88560
21:00:00,A,FLORES,53649
22:00:00,A,FLORES,11872
23:00:00,A,FLORES,9
5:00:00,B,FLORIDA,3528
6:00:00,B,FLORIDA,12427
7:00:00,B,FLORIDA,28316
8:00:00,B,FLORIDA,51104
9:00:00,B,FLORIDA,84743
10:00:00,B,FLORIDA,179732
11:00:00,B,FLORIDA,276014
12:00:00,B,FLORIDA,357022
13:00:00,B,FLORIDA,419654
14:00:00,B,FLORIDA,475873
15:00:00,B,FLORIDA,563584
16:00:00,B,FLORIDA,603091
17:00:00,B,FLORIDA,945769
18:00:00,B,FLORIDA,990354
19:00:00,B,FLORIDA,522901
20:00:00,B,FLORIDA,316537
21:00:00,B,FLORIDA,144831
22:00:00,B,FLORIDA,40949
23:00:00,B,FLORIDA,0
5:00:00,E,"GENERAL BELGRANO",2884
6:00:00,E,"GENERAL BELGRANO",6019
7:00:00,E,"GENERAL BELGRANO",16669
8:00:00,E,"GENERAL BELGRANO",19671
9:00:00,E,"GENERAL BELGRANO",21132
10:00:00,E,"GENERAL BELGRANO",28883
11:00:00,E,"GENERAL BELGRANO",36028
12:00:00,E,"GENERAL BELGRANO",48680
13:00:00,E,"GENERAL BELGRANO",55200
14:00:00,E,"GENERAL BELGRANO",63271
15:00:00,E,"GENERAL BELGRANO",81442
16:00:00,E,"GENERAL BELGRANO",98420
17:00:00,E,"GENERAL BELGRANO",137432
18:00:00,E,"GENERAL BELGRANO",154020
19:00:00,E,"GENERAL BELGRANO",58514
20:00:00,E,"GENERAL BELGRANO",41670
21:00:00,E,"GENERAL BELGRANO",28521
22:00:00,E,"GENERAL BELGRANO",8006
23:00:00,E,"GENERAL BELGRANO",1
5:00:00,C,"GENERAL SAN MARTIN",5920
6:00:00,C,"GENERAL SAN MARTIN",21392
7:00:00,C,"GENERAL SAN MARTIN",59580
8:00:00,C,"GENERAL SAN MARTIN",93774
9:00:00,C,"GENERAL SAN MARTIN",102989
10:00:00,C,"GENERAL SAN MARTIN",121183
11:00:00,C,"GENERAL SAN MARTIN",140932
12:00:00,C,"GENERAL SAN MARTIN",177219
13:00:00,C,"GENERAL SAN MARTIN",202266
14:00:00,C,"GENERAL SAN MARTIN",221709
15:00:00,C,"GENERAL SAN MARTIN",281146
16:00:00,C,"GENERAL SAN MARTIN",331513
17:00:00,C,"GENERAL SAN MARTIN",460152
18:00:00,C,"GENERAL SAN MARTIN",520131
19:00:00,C,"GENERAL SAN MARTIN",271426
20:00:00,C,"GENERAL SAN MARTIN",175280
21:00:00,C,"GENERAL SAN MARTIN",98701
22:00:00,C,"GENERAL SAN MARTIN",22656
23:00:00,C,"GENERAL SAN MARTIN",5
5:00:00,H,HOSPITALES,16139
6:00:00,H,HOSPITALES,83233
7:00:00,H,HOSPITALES,237623
8:00:00,H,HOSPITALES,295114
9:00:00,H,HOSPITALES,188060
10:00:00,H,HOSPITALES,119601
11:00:00,H,HOSPITALES,113861
12:00:00,H,HOSPITALES,127313
13:00:00,H,HOSPITALES,123244
14:00:00,H,HOSPITALES,103957
15:00:00,H,HOSPITALES,89160
16:00:00,H,HOSPITALES,90440
17:00:00,H,HOSPITALES,98569
18:00:00,H,HOSPITALES,93890
19:00:00,H,HOSPITALES,50773
20:00:00,H,HOSPITALES,33483
21:00:00,H,HOSPITALES,20847
22:00:00,H,HOSPITALES,6659
23:00:00,H,HOSPITALES,27
5:00:00,H,"HUMBERTO I",4789
6:00:00,H,"HUMBERTO I",18312
7:00:00,H,"HUMBERTO I",72017
8:00:00,H,"HUMBERTO I",108085
9:00:00,H,"HUMBERTO I",93038
10:00:00,H,"HUMBERTO I",77413
11:00:00,H,"HUMBERTO I",76165
12:00:00,H,"HUMBERTO I",87892
13:00:00,H,"HUMBERTO I",87461
14:00:00,H,"HUMBERTO I",83698
15:00:00,H,"HUMBERTO I",85215
16:00:00,H,"HUMBERTO I",91952
17:00:00,H,"HUMBERTO I",94294
18:00:00,H,"HUMBERTO I",96186
19:00:00,H,"HUMBERTO I",62435
20:00:00,H,"HUMBERTO I",51816
21:00:00,H,"HUMBERTO I",33674
22:00:00,H,"HUMBERTO I",13286
23:00:00,H,"HUMBERTO I",23
5:00:00,H,INCLAN,7323
6:00:00,H,INCLAN,22358
7:00:00,H,INCLAN,82534
8:00:00,H,INCLAN,114913
9:00:00,H,INCLAN,90454
10:00:00,H,INCLAN,67755
11:00:00,H,INCLAN,62267
12:00:00,H,INCLAN,70298
13:00:00,H,INCLAN,71164
14:00:00,H,INCLAN,66870
15:00:00,H,INCLAN,68035
16:00:00,H,INCLAN,90201
17:00:00,H,INCLAN,80173
18:00:00,H,INCLAN,76159
19:00:00,H,INCLAN,46597
20:00:00,H,INCLAN,33085
21:00:00,H,INCLAN,20826
22:00:00,H,INCLAN,9758
23:00:00,H,INCLAN,24
5:00:00,C,INDEPENDENCIA,8425
6:00:00,C,INDEPENDENCIA,29094
7:00:00,C,INDEPENDENCIA,81915
8:00:00,C,INDEPENDENCIA,119048
9:00:00,C,INDEPENDENCIA,110471
10:00:00,C,INDEPENDENCIA,97625
11:00:00,C,INDEPENDENCIA,114784
12:00:00,C,INDEPENDENCIA,115899
13:00:00,C,INDEPENDENCIA,118432
14:00:00,C,INDEPENDENCIA,112875
15:00:00,C,INDEPENDENCIA,115294
16:00:00,C,INDEPENDENCIA,137893
17:00:00,C,INDEPENDENCIA,160576
18:00:00,C,INDEPENDENCIA,171656
19:00:00,C,INDEPENDENCIA,104350
20:00:00,C,INDEPENDENCIA,78177
21:00:00,C,INDEPENDENCIA,63564
22:00:00,C,INDEPENDENCIA,26105
23:00:00,C,INDEPENDENCIA,5
5:00:00,E,INDEPENDENCIA.H,7749
6:00:00,E,INDEPENDENCIA.H,23424
7:00:00,E,INDEPENDENCIA.H,57890
8:00:00,E,INDEPENDENCIA.H,89851
9:00:00,E,INDEPENDENCIA.H,123002
10:00:00,E,INDEPENDENCIA.H,119503
11:00:00,E,INDEPENDENCIA.H,331482
12:00:00,E,INDEPENDENCIA.H,157659
13:00:00,E,INDEPENDENCIA.H,131105
14:00:00,E,INDEPENDENCIA.H,93646
15:00:00,E,INDEPENDENCIA.H,108632
16:00:00,E,INDEPENDENCIA.H,121654
17:00:00,E,INDEPENDENCIA.H,195380
18:00:00,E,INDEPENDENCIA.H,169495
19:00:00,E,INDEPENDENCIA.H,130630
20:00:00,E,INDEPENDENCIA.H,168283
21:00:00,E,INDEPENDENCIA.H,205659
22:00:00,E,INDEPENDENCIA.H,186145
23:00:00,E,INDEPENDENCIA.H,12
5:00:00,D,"JOSE HERNANDEZ",7616
6:00:00,D,"JOSE HERNANDEZ",60720
7:00:00,D,"JOSE HERNANDEZ",244638
8:00:00,D,"JOSE HERNANDEZ",385767
9:00:00,D,"JOSE HERNANDEZ",307251
10:00:00,D,"JOSE HERNANDEZ",241009
11:00:00,D,"JOSE HERNANDEZ",235067
12:00:00,D,"JOSE HERNANDEZ",259784
13:00:00,D,"JOSE HERNANDEZ",260304
14:00:00,D,"JOSE HERNANDEZ",240173
15:00:00,D,"JOSE HERNANDEZ",239832
16:00:00,D,"JOSE HERNANDEZ",285416
17:00:00,D,"JOSE HERNANDEZ",308896
18:00:00,D,"JOSE HERNANDEZ",281574
19:00:00,D,"JOSE HERNANDEZ",212980
20:00:00,D,"JOSE HERNANDEZ",177901
21:00:00,D,"JOSE HERNANDEZ",97212
22:00:00,D,"JOSE HERNANDEZ",25457
23:00:00,D,"JOSE HERNANDEZ",8
5:00:00,E,"JOSE MARIA MORENO",4625
6:00:00,E,"JOSE MARIA MORENO",31511
7:00:00,E,"JOSE MARIA MORENO",125250
8:00:00,E,"JOSE MARIA MORENO",182060
9:00:00,E,"JOSE MARIA MORENO",142318
10:00:00,E,"JOSE MARIA MORENO",81532
11:00:00,E,"JOSE MARIA MORENO",67023
12:00:00,E,"JOSE MARIA MORENO",70162
13:00:00,E,"JOSE MARIA MORENO",70365
14:00:00,E,"JOSE MARIA MORENO",57719
15:00:00,E,"JOSE MARIA MORENO",54646
16:00:00,E,"JOSE MARIA MORENO",58778
17:00:00,E,"JOSE MARIA MORENO",68440
18:00:00,E,"JOSE MARIA MORENO",71363
19:00:00,E,"JOSE MARIA MORENO",46588
20:00:00,E,"JOSE MARIA MORENO",36579
21:00:00,E,"JOSE MARIA MORENO",26811
22:00:00,E,"JOSE MARIA MORENO",7551
23:00:00,E,"JOSE MARIA MORENO",11
5:00:00,E,JUJUY,5949
6:00:00,E,JUJUY,17945
7:00:00,E,JUJUY,47239
8:00:00,E,JUJUY,74985
9:00:00,E,JUJUY,69166
10:00:00,E,JUJUY,56978
11:00:00,E,JUJUY,57555
12:00:00,E,JUJUY,65555
13:00:00,E,JUJUY,61655
14:00:00,E,JUJUY,59456
15:00:00,E,JUJUY,56680
16:00:00,E,JUJUY,62769
17:00:00,E,JUJUY,68361
18:00:00,E,JUJUY,72719
19:00:00,E,JUJUY,42775
20:00:00,E,JUJUY,34845
21:00:00,E,JUJUY,25068
22:00:00,E,JUJUY,10218
23:00:00,E,JUJUY,1
5:00:00,D,JURAMENTO,12021
6:00:00,D,JURAMENTO,78972
7:00:00,D,JURAMENTO,285920
8:00:00,D,JURAMENTO,490915
9:00:00,D,JURAMENTO,393485
10:00:00,D,JURAMENTO,329697
11:00:00,D,JURAMENTO,327207
12:00:00,D,JURAMENTO,359337
13:00:00,D,JURAMENTO,388114
14:00:00,D,JURAMENTO,365375
15:00:00,D,JURAMENTO,370446
16:00:00,D,JURAMENTO,418920
17:00:00,D,JURAMENTO,456039
18:00:00,D,JURAMENTO,489257
19:00:00,D,JURAMENTO,365754
20:00:00,D,JURAMENTO,312474
21:00:00,D,JURAMENTO,186078
22:00:00,D,JURAMENTO,39063
23:00:00,D,JURAMENTO,5
5:00:00,H,"LAS HERAS",4994
6:00:00,H,"LAS HERAS",17854
7:00:00,H,"LAS HERAS",66471
8:00:00,H,"LAS HERAS",105900
9:00:00,H,"LAS HERAS",102619
10:00:00,H,"LAS HERAS",113857
11:00:00,H,"LAS HERAS",125876
12:00:00,H,"LAS HERAS",153679
13:00:00,H,"LAS HERAS",170131
14:00:00,H,"LAS HERAS",163277
15:00:00,H,"LAS HERAS",189715
16:00:00,H,"LAS HERAS",233514
17:00:00,H,"LAS HERAS",267686
18:00:00,H,"LAS HERAS",290099
19:00:00,H,"LAS HERAS",220216
20:00:00,H,"LAS HERAS",212514
21:00:00,H,"LAS HERAS",144683
22:00:00,H,"LAS HERAS",58032
23:00:00,H,"LAS HERAS",11
5:00:00,C,LAVALLE,5367
6:00:00,C,LAVALLE,18981
7:00:00,C,LAVALLE,37051
8:00:00,C,LAVALLE,41344
9:00:00,C,LAVALLE,45668
10:00:00,C,LAVALLE,73501
11:00:00,C,LAVALLE,98090
12:00:00,C,LAVALLE,129380
13:00:00,C,LAVALLE,160118
14:00:00,C,LAVALLE,204406
15:00:00,C,LAVALLE,281338
16:00:00,C,LAVALLE,350652
17:00:00,C,LAVALLE,467501
18:00:00,C,LAVALLE,540916
19:00:00,C,LAVALLE,280966
20:00:00,C,LAVALLE,177376
21:00:00,C,LAVALLE,120323
22:00:00,C,LAVALLE,29938
23:00:00,C,LAVALLE,1
5:00:00,B,"LEANDRO N. ALEM",39928
6:00:00,B,"LEANDRO N. ALEM",134827
7:00:00,B,"LEANDRO N. ALEM",287455
8:00:00,B,"LEANDRO N. ALEM",341752
9:00:00,B,"LEANDRO N. ALEM",316560
10:00:00,B,"LEANDRO N. ALEM",281818
11:00:00,B,"LEANDRO N. ALEM",311328
12:00:00,B,"LEANDRO N. ALEM",380373
13:00:00,B,"LEANDRO N. ALEM",439074
14:00:00,B,"LEANDRO N. ALEM",440196
15:00:00,B,"LEANDRO N. ALEM",489487
16:00:00,B,"LEANDRO N. ALEM",598953
17:00:00,B,"LEANDRO N. ALEM",1035793
18:00:00,B,"LEANDRO N. ALEM",1121956
19:00:00,B,"LEANDRO N. ALEM",521239
20:00:00,B,"LEANDRO N. ALEM",324787
21:00:00,B,"LEANDRO N. ALEM",208500
22:00:00,B,"LEANDRO N. ALEM",69231
5:00:00,A,LIMA,5655
6:00:00,A,LIMA,22747
7:00:00,A,LIMA,59222
8:00:00,A,LIMA,80811
9:00:00,A,LIMA,96862
10:00:00,A,LIMA,114334
11:00:00,A,LIMA,131612
12:00:00,A,LIMA,146277
13:00:00,A,LIMA,162101
14:00:00,A,LIMA,176209
15:00:00,A,LIMA,201298
16:00:00,A,LIMA,222144
17:00:00,A,LIMA,258890
18:00:00,A,LIMA,270504
19:00:00,A,LIMA,153610
20:00:00,A,LIMA,105984
21:00:00,A,LIMA,70871
22:00:00,A,LIMA,38359
23:00:00,A,LIMA,10
5:00:00,A,LORIA,9271
6:00:00,A,LORIA,34121
7:00:00,A,LORIA,103695
8:00:00,A,LORIA,144258
9:00:00,A,LORIA,150342
10:00:00,A,LORIA,148011
11:00:00,A,LORIA,144505
12:00:00,A,LORIA,169006
13:00:00,A,LORIA,166882
14:00:00,A,LORIA,158579
15:00:00,A,LORIA,142877
16:00:00,A,LORIA,155976
17:00:00,A,LORIA,174650
18:00:00,A,LORIA,165211
19:00:00,A,LORIA,119968
20:00:00,A,LORIA,95586
21:00:00,A,LORIA,75579
22:00:00,A,LORIA,26827
23:00:00,A,LORIA,32
5:00:00,B,"LOS INCAS",12593
6:00:00,B,"LOS INCAS",85197
7:00:00,B,"LOS INCAS",263144
8:00:00,B,"LOS INCAS",423477
9:00:00,B,"LOS INCAS",322666
10:00:00,B,"LOS INCAS",224513
11:00:00,B,"LOS INCAS",199680
12:00:00,B,"LOS INCAS",196161
13:00:00,B,"LOS INCAS",192525
14:00:00,B,"LOS INCAS",168269
15:00:00,B,"LOS INCAS",159468
16:00:00,B,"LOS INCAS",180162
17:00:00,B,"LOS INCAS",215565
18:00:00,B,"LOS INCAS",198635
19:00:00,B,"LOS INCAS",128712
20:00:00,B,"LOS INCAS",92800
21:00:00,B,"LOS INCAS",57689
22:00:00,B,"LOS INCAS",12813
23:00:00,B,"LOS INCAS",6
5:00:00,B,MALABIA,12746
6:00:00,B,MALABIA,78457
7:00:00,B,MALABIA,346685
8:00:00,B,MALABIA,591252
9:00:00,B,MALABIA,549462
10:00:00,B,MALABIA,408816
11:00:00,B,MALABIA,372341
12:00:00,B,MALABIA,393690
13:00:00,B,MALABIA,389550
14:00:00,B,MALABIA,357734
15:00:00,B,MALABIA,346868
16:00:00,B,MALABIA,369863
17:00:00,B,MALABIA,445190
18:00:00,B,MALABIA,448845
19:00:00,B,MALABIA,306401
20:00:00,B,MALABIA,267704
21:00:00,B,MALABIA,145688
22:00:00,B,MALABIA,40264
23:00:00,B,MALABIA,20
5:00:00,C,"MARIANO MORENO",5394
6:00:00,C,"MARIANO MORENO",15748
7:00:00,C,"MARIANO MORENO",34782
8:00:00,C,"MARIANO MORENO",54635
9:00:00,C,"MARIANO MORENO",71478
10:00:00,C,"MARIANO MORENO",94523
11:00:00,C,"MARIANO MORENO",116233
12:00:00,C,"MARIANO MORENO",148507
13:00:00,C,"MARIANO MORENO",154463
14:00:00,C,"MARIANO MORENO",168415
15:00:00,C,"MARIANO MORENO",202346
16:00:00,C,"MARIANO MORENO",235486
17:00:00,C,"MARIANO MORENO",324008
18:00:00,C,"MARIANO MORENO",346814
19:00:00,C,"MARIANO MORENO",141169
20:00:00,C,"MARIANO MORENO",81865
21:00:00,C,"MARIANO MORENO",48921
22:00:00,C,"MARIANO MORENO",19343
23:00:00,C,"MARIANO MORENO",2
5:00:00,E,"MEDALLA MILAGROSA",4076
6:00:00,E,"MEDALLA MILAGROSA",18208
7:00:00,E,"MEDALLA MILAGROSA",66110
8:00:00,E,"MEDALLA MILAGROSA",95596
9:00:00,E,"MEDALLA MILAGROSA",69898
10:00:00,E,"MEDALLA MILAGROSA",41055
11:00:00,E,"MEDALLA MILAGROSA",32264
12:00:00,E,"MEDALLA MILAGROSA",38734
13:00:00,E,"MEDALLA MILAGROSA",36021
14:00:00,E,"MEDALLA MILAGROSA",28196
15:00:00,E,"MEDALLA MILAGROSA",25301
16:00:00,E,"MEDALLA MILAGROSA",28278
17:00:00,E,"MEDALLA MILAGROSA",32177
18:00:00,E,"MEDALLA MILAGROSA",28557
19:00:00,E,"MEDALLA MILAGROSA",18584
20:00:00,E,"MEDALLA MILAGROSA",14690
21:00:00,E,"MEDALLA MILAGROSA",9660
22:00:00,E,"MEDALLA MILAGROSA",1941
23:00:00,E,"MEDALLA MILAGROSA",0
5:00:00,B,MEDRANO,13245
6:00:00,B,MEDRANO,69998
7:00:00,B,MEDRANO,253147
8:00:00,B,MEDRANO,395767
9:00:00,B,MEDRANO,400960
10:00:00,B,MEDRANO,349920
11:00:00,B,MEDRANO,364325
12:00:00,B,MEDRANO,390657
13:00:00,B,MEDRANO,358990
14:00:00,B,MEDRANO,354351
15:00:00,B,MEDRANO,341657
16:00:00,B,MEDRANO,373046
17:00:00,B,MEDRANO,418227
18:00:00,B,MEDRANO,403990
19:00:00,B,MEDRANO,304351
20:00:00,B,MEDRANO,262307
21:00:00,B,MEDRANO,205800
22:00:00,B,MEDRANO,66497
23:00:00,B,MEDRANO,23
5:00:00,D,"MINISTRO CARRANZA",12484
6:00:00,D,"MINISTRO CARRANZA",52900
7:00:00,D,"MINISTRO CARRANZA",211014
8:00:00,D,"MINISTRO CARRANZA",348693
9:00:00,D,"MINISTRO CARRANZA",320633
10:00:00,D,"MINISTRO CARRANZA",231697
11:00:00,D,"MINISTRO CARRANZA",210664
12:00:00,D,"MINISTRO CARRANZA",237608
13:00:00,D,"MINISTRO CARRANZA",248513
14:00:00,D,"MINISTRO CARRANZA",206432
15:00:00,D,"MINISTRO CARRANZA",209084
16:00:00,D,"MINISTRO CARRANZA",226366
17:00:00,D,"MINISTRO CARRANZA",264363
18:00:00,D,"MINISTRO CARRANZA",288630
19:00:00,D,"MINISTRO CARRANZA",175591
20:00:00,D,"MINISTRO CARRANZA",123167
21:00:00,D,"MINISTRO CARRANZA",82874
22:00:00,D,"MINISTRO CARRANZA",23235
23:00:00,D,"MINISTRO CARRANZA",14
5:00:00,D,OLLEROS,9000
6:00:00,D,OLLEROS,55259
7:00:00,D,OLLEROS,236337
8:00:00,D,OLLEROS,383133
9:00:00,D,OLLEROS,347769
10:00:00,D,OLLEROS,276757
11:00:00,D,OLLEROS,268359
12:00:00,D,OLLEROS,292546
13:00:00,D,OLLEROS,298932
14:00:00,D,OLLEROS,276789
15:00:00,D,OLLEROS,267285
16:00:00,D,OLLEROS,308440
17:00:00,D,OLLEROS,334779
18:00:00,D,OLLEROS,317727
19:00:00,D,OLLEROS,235963
20:00:00,D,OLLEROS,190258
21:00:00,D,OLLEROS,112654
22:00:00,D,OLLEROS,29553
23:00:00,D,OLLEROS,38
5:00:00,H,ONCE,15190
6:00:00,H,ONCE,51533
7:00:00,H,ONCE,107191
8:00:00,H,ONCE,152475
9:00:00,H,ONCE,151516
10:00:00,H,ONCE,143143
11:00:00,H,ONCE,158901
12:00:00,H,ONCE,186489
13:00:00,H,ONCE,203687
14:00:00,H,ONCE,187666
15:00:00,H,ONCE,183602
16:00:00,H,ONCE,187327
17:00:00,H,ONCE,196952
18:00:00,H,ONCE,213875
19:00:00,H,ONCE,137459
20:00:00,H,ONCE,89609
21:00:00,H,ONCE,54890
22:00:00,H,ONCE,19960
23:00:00,H,ONCE,42
5:00:00,D,PALERMO,28528
6:00:00,D,PALERMO,121730
7:00:00,D,PALERMO,338917
8:00:00,D,PALERMO,544898
9:00:00,D,PALERMO,520955
10:00:00,D,PALERMO,383634
11:00:00,D,PALERMO,361279
12:00:00,D,PALERMO,378125
13:00:00,D,PALERMO,410623
14:00:00,D,PALERMO,382325
15:00:00,D,PALERMO,363521
16:00:00,D,PALERMO,400629
17:00:00,D,PALERMO,468954
18:00:00,D,PALERMO,522336
19:00:00,D,PALERMO,338732
20:00:00,D,PALERMO,250783
21:00:00,D,PALERMO,177250
22:00:00,D,PALERMO,58091
23:00:00,D,PALERMO,48
5:00:00,A,PASCO,3187
6:00:00,A,PASCO,11346
7:00:00,A,PASCO,28754
8:00:00,A,PASCO,51923
9:00:00,A,PASCO,65422
10:00:00,A,PASCO,77057
11:00:00,A,PASCO,85628
12:00:00,A,PASCO,96737
13:00:00,A,PASCO,101125
14:00:00,A,PASCO,97261
15:00:00,A,PASCO,88931
16:00:00,A,PASCO,86438
17:00:00,A,PASCO,92607
18:00:00,A,PASCO,89276
19:00:00,A,PASCO,56159
20:00:00,A,PASCO,43752
21:00:00,A,PASCO,23587
22:00:00,A,PASCO,7004
5:00:00,B,PASTEUR,6140
6:00:00,B,PASTEUR,24554
7:00:00,B,PASTEUR,77020
8:00:00,B,PASTEUR,134333
9:00:00,B,PASTEUR,163322
10:00:00,B,PASTEUR,206952
11:00:00,B,PASTEUR,276887
12:00:00,B,PASTEUR,340658
13:00:00,B,PASTEUR,361916
14:00:00,B,PASTEUR,335426
15:00:00,B,PASTEUR,354373
16:00:00,B,PASTEUR,362854
17:00:00,B,PASTEUR,380199
18:00:00,B,PASTEUR,410568
19:00:00,B,PASTEUR,255789
20:00:00,B,PASTEUR,170813
21:00:00,B,PASTEUR,111902
22:00:00,B,PASTEUR,53057
23:00:00,B,PASTEUR,8
5:00:00,H,PATRICIOS,14044
6:00:00,H,PATRICIOS,54191
7:00:00,H,PATRICIOS,136236
8:00:00,H,PATRICIOS,175075
9:00:00,H,PATRICIOS,131454
10:00:00,H,PATRICIOS,98281
11:00:00,H,PATRICIOS,95847
12:00:00,H,PATRICIOS,111672
13:00:00,H,PATRICIOS,116362
14:00:00,H,PATRICIOS,102265
15:00:00,H,PATRICIOS,100020
16:00:00,H,PATRICIOS,112759
17:00:00,H,PATRICIOS,149407
18:00:00,H,PATRICIOS,175525
19:00:00,H,PATRICIOS,80071
20:00:00,H,PATRICIOS,56674
21:00:00,H,PATRICIOS,34288
22:00:00,H,PATRICIOS,10926
23:00:00,H,PATRICIOS,29
5:00:00,A,PERU,3580
6:00:00,A,PERU,10722
7:00:00,A,PERU,22272
8:00:00,A,PERU,33522
9:00:00,A,PERU,49956
10:00:00,A,PERU,93092
11:00:00,A,PERU,141347
12:00:00,A,PERU,181081
13:00:00,A,PERU,219438
14:00:00,A,PERU,271837
15:00:00,A,PERU,349491
16:00:00,A,PERU,378476
17:00:00,A,PERU,564900
18:00:00,A,PERU,614177
19:00:00,A,PERU,314296
20:00:00,A,PERU,210528
21:00:00,A,PERU,126047
22:00:00,A,PERU,37193
5:00:00,E,PICHINCHA,6362
6:00:00,E,PICHINCHA,17498
7:00:00,E,PICHINCHA,55790
8:00:00,E,PICHINCHA,73391
9:00:00,E,PICHINCHA,65800
10:00:00,E,PICHINCHA,54463
11:00:00,E,PICHINCHA,50266
12:00:00,E,PICHINCHA,52243
13:00:00,E,PICHINCHA,52691
14:00:00,E,PICHINCHA,45684
15:00:00,E,PICHINCHA,47468
16:00:00,E,PICHINCHA,52776
17:00:00,E,PICHINCHA,49207
18:00:00,E,PICHINCHA,46024
19:00:00,E,PICHINCHA,34736
20:00:00,E,PICHINCHA,26083
21:00:00,E,PICHINCHA,20586
22:00:00,E,PICHINCHA,6495
23:00:00,E,PICHINCHA,6
5:00:00,A,PIEDRAS,2881
6:00:00,A,PIEDRAS,10597
7:00:00,A,PIEDRAS,23522
8:00:00,A,PIEDRAS,37705
9:00:00,A,PIEDRAS,46671
10:00:00,A,PIEDRAS,68857
11:00:00,A,PIEDRAS,90022
12:00:00,A,PIEDRAS,115140
13:00:00,A,PIEDRAS,135964
14:00:00,A,PIEDRAS,151932
15:00:00,A,PIEDRAS,209958
16:00:00,A,PIEDRAS,225024
17:00:00,A,PIEDRAS,328496
18:00:00,A,PIEDRAS,339128
19:00:00,A,PIEDRAS,153692
20:00:00,A,PIEDRAS,93870
21:00:00,A,PIEDRAS,83468
22:00:00,A,PIEDRAS,24640
23:00:00,A,PIEDRAS,2
5:00:00,A,"PLAZA DE MAYO",17893
6:00:00,A,"PLAZA DE MAYO",60539
7:00:00,A,"PLAZA DE MAYO",127518
8:00:00,A,"PLAZA DE MAYO",164702
9:00:00,A,"PLAZA DE MAYO",174565
10:00:00,A,"PLAZA DE MAYO",195350
11:00:00,A,"PLAZA DE MAYO",233971
12:00:00,A,"PLAZA DE MAYO",293736
13:00:00,A,"PLAZA DE MAYO",356303
14:00:00,A,"PLAZA DE MAYO",382360
15:00:00,A,"PLAZA DE MAYO",461933
16:00:00,A,"PLAZA DE MAYO",587082
17:00:00,A,"PLAZA DE MAYO",939426
18:00:00,A,"PLAZA DE MAYO",937836
19:00:00,A,"PLAZA DE MAYO",423361
20:00:00,A,"PLAZA DE MAYO",247546
21:00:00,A,"PLAZA DE MAYO",130707
22:00:00,A,"PLAZA DE MAYO",46804
23:00:00,A,"PLAZA DE MAYO",0
5:00:00,D,"PLAZA ITALIA",10849
6:00:00,D,"PLAZA ITALIA",39968
7:00:00,D,"PLAZA ITALIA",151693
8:00:00,D,"PLAZA ITALIA",270890
9:00:00,D,"PLAZA ITALIA",254180
10:00:00,D,"PLAZA ITALIA",213408
11:00:00,D,"PLAZA ITALIA",210789
12:00:00,D,"PLAZA ITALIA",235470
13:00:00,D,"PLAZA ITALIA",247998
14:00:00,D,"PLAZA ITALIA",237488
15:00:00,D,"PLAZA ITALIA",255786
16:00:00,D,"PLAZA ITALIA",318468
17:00:00,D,"PLAZA ITALIA",351418
18:00:00,D,"PLAZA ITALIA",360797
19:00:00,D,"PLAZA ITALIA",283667
20:00:00,D,"PLAZA ITALIA",213390
21:00:00,D,"PLAZA ITALIA",128511
22:00:00,D,"PLAZA ITALIA",41791
23:00:00,D,"PLAZA ITALIA",52
5:00:00,A,"PLAZA MISERERE",40453
6:00:00,A,"PLAZA MISERERE",117234
7:00:00,A,"PLAZA MISERERE",214861
8:00:00,A,"PLAZA MISERERE",330776
9:00:00,A,"PLAZA MISERERE",338912
10:00:00,A,"PLAZA MISERERE",325648
11:00:00,A,"PLAZA MISERERE",313690
12:00:00,A,"PLAZA MISERERE",328783
13:00:00,A,"PLAZA MISERERE",346339
14:00:00,A,"PLAZA MISERERE",322062
15:00:00,A,"PLAZA MISERERE",270987
16:00:00,A,"PLAZA MISERERE",263310
17:00:00,A,"PLAZA MISERERE",284693
18:00:00,A,"PLAZA MISERERE",295504
19:00:00,A,"PLAZA MISERERE",195333
20:00:00,A,"PLAZA MISERERE",129704
21:00:00,A,"PLAZA MISERERE",74719
22:00:00,A,"PLAZA MISERERE",25410
23:00:00,A,"PLAZA MISERERE",62
5:00:00,A,"PRIMERA JUNTA",18486
6:00:00,A,"PRIMERA JUNTA",76449
7:00:00,A,"PRIMERA JUNTA",292566
8:00:00,A,"PRIMERA JUNTA",484807
9:00:00,A,"PRIMERA JUNTA",404660
10:00:00,A,"PRIMERA JUNTA",277703
11:00:00,A,"PRIMERA JUNTA",237831
12:00:00,A,"PRIMERA JUNTA",240980
13:00:00,A,"PRIMERA JUNTA",240917
14:00:00,A,"PRIMERA JUNTA",199220
15:00:00,A,"PRIMERA JUNTA",184779
16:00:00,A,"PRIMERA JUNTA",195609
17:00:00,A,"PRIMERA JUNTA",214905
18:00:00,A,"PRIMERA JUNTA",197932
19:00:00,A,"PRIMERA JUNTA",150295
20:00:00,A,"PRIMERA JUNTA",115662
21:00:00,A,"PRIMERA JUNTA",62725
22:00:00,A,"PRIMERA JUNTA",17465
23:00:00,A,"PRIMERA JUNTA",3
5:00:00,A,PUAN,4641
6:00:00,A,PUAN,35859
7:00:00,A,PUAN,159876
8:00:00,A,PUAN,260724
9:00:00,A,PUAN,199266
10:00:00,A,PUAN,130473
11:00:00,A,PUAN,115236
12:00:00,A,PUAN,122403
13:00:00,A,PUAN,132899
14:00:00,A,PUAN,100511
15:00:00,A,PUAN,103026
16:00:00,A,PUAN,119214
17:00:00,A,PUAN,129627
18:00:00,A,PUAN,115313
19:00:00,A,PUAN,92349
20:00:00,A,PUAN,70503
21:00:00,A,PUAN,56588
22:00:00,A,PUAN,9265
5:00:00,B,PUEYRREDON,10476
6:00:00,B,PUEYRREDON,44101
7:00:00,B,PUEYRREDON,129891
8:00:00,B,PUEYRREDON,210338
9:00:00,B,PUEYRREDON,237831
10:00:00,B,PUEYRREDON,247223
11:00:00,B,PUEYRREDON,298764
12:00:00,B,PUEYRREDON,341448
13:00:00,B,PUEYRREDON,356922
14:00:00,B,PUEYRREDON,338699
15:00:00,B,PUEYRREDON,347921
16:00:00,B,PUEYRREDON,348723
17:00:00,B,PUEYRREDON,352418
18:00:00,B,PUEYRREDON,365736
19:00:00,B,PUEYRREDON,245496
20:00:00,B,PUEYRREDON,139536
21:00:00,B,PUEYRREDON,68363
22:00:00,B,PUEYRREDON,21357
23:00:00,B,PUEYRREDON,21
5:00:00,D,PUEYRREDON.D,5092
6:00:00,D,PUEYRREDON.D,26770
7:00:00,D,PUEYRREDON.D,134026
8:00:00,D,PUEYRREDON.D,251975
9:00:00,D,PUEYRREDON.D,281052
10:00:00,D,PUEYRREDON.D,232024
11:00:00,D,PUEYRREDON.D,245445
12:00:00,D,PUEYRREDON.D,266521
13:00:00,D,PUEYRREDON.D,277813
14:00:00,D,PUEYRREDON.D,288459
15:00:00,D,PUEYRREDON.D,287881
16:00:00,D,PUEYRREDON.D,299533
17:00:00,D,PUEYRREDON.D,311050
18:00:00,D,PUEYRREDON.D,295715
19:00:00,D,PUEYRREDON.D,246922
20:00:00,D,PUEYRREDON.D,207302
21:00:00,D,PUEYRREDON.D,123333
22:00:00,D,PUEYRREDON.D,40790
23:00:00,D,PUEYRREDON.D,5
5:00:00,E,"PZA. DE LOS VIRREYES",36956
6:00:00,E,"PZA. DE LOS VIRREYES",163867
7:00:00,E,"PZA. DE LOS VIRREYES",394504
8:00:00,E,"PZA. DE LOS VIRREYES",468504
9:00:00,E,"PZA. DE LOS VIRREYES",301772
10:00:00,E,"PZA. DE LOS VIRREYES",172899
11:00:00,E,"PZA. DE LOS VIRREYES",150252
12:00:00,E,"PZA. DE LOS VIRREYES",158262
13:00:00,E,"PZA. DE LOS VIRREYES",148371
14:00:00,E,"PZA. DE LOS VIRREYES",109281
15:00:00,E,"PZA. DE LOS VIRREYES",90217
16:00:00,E,"PZA. DE LOS VIRREYES",92289
17:00:00,E,"PZA. DE LOS VIRREYES",108861
18:00:00,E,"PZA. DE LOS VIRREYES",85603
19:00:00,E,"PZA. DE LOS VIRREYES",54355
20:00:00,E,"PZA. DE LOS VIRREYES",41953
21:00:00,E,"PZA. DE LOS VIRREYES",24580
22:00:00,E,"PZA. DE LOS VIRREYES",5603
23:00:00,E,"PZA. DE LOS VIRREYES",5
5:00:00,C,RETIRO,59376
6:00:00,C,RETIRO,225475
7:00:00,C,RETIRO,523708
8:00:00,C,RETIRO,889387
9:00:00,C,RETIRO,870445
10:00:00,C,RETIRO,605783
11:00:00,C,RETIRO,509415
12:00:00,C,RETIRO,533439
13:00:00,C,RETIRO,589279
14:00:00,C,RETIRO,596046
15:00:00,C,RETIRO,561211
16:00:00,C,RETIRO,622234
17:00:00,C,RETIRO,833862
18:00:00,C,RETIRO,831033
19:00:00,C,RETIRO,491546
20:00:00,C,RETIRO,318897
21:00:00,C,RETIRO,188288
22:00:00,C,RETIRO,64941
23:00:00,C,RETIRO,3
5:00:00,A,"RIO DE JANEIRO",9530
6:00:00,A,"RIO DE JANEIRO",42988
7:00:00,A,"RIO DE JANEIRO",166611
8:00:00,A,"RIO DE JANEIRO",268843
9:00:00,A,"RIO DE JANEIRO",262129
10:00:00,A,"RIO DE JANEIRO",217253
11:00:00,A,"RIO DE JANEIRO",196322
12:00:00,A,"RIO DE JANEIRO",219902
13:00:00,A,"RIO DE JANEIRO",218141
14:00:00,A,"RIO DE JANEIRO",190521
15:00:00,A,"RIO DE JANEIRO",178245
16:00:00,A,"RIO DE JANEIRO",210385
17:00:00,A,"RIO DE JANEIRO",216421
18:00:00,A,"RIO DE JANEIRO",199954
19:00:00,A,"RIO DE JANEIRO",154213
20:00:00,A,"RIO DE JANEIRO",128926
21:00:00,A,"RIO DE JANEIRO",85263
22:00:00,A,"RIO DE JANEIRO",26586
23:00:00,A,"RIO DE JANEIRO",28
5:00:00,B,ROSAS,45479
6:00:00,B,ROSAS,271062
7:00:00,B,ROSAS,927984
8:00:00,B,ROSAS,1341797
9:00:00,B,ROSAS,911363
10:00:00,B,ROSAS,535672
11:00:00,B,ROSAS,424383
12:00:00,B,ROSAS,420645
13:00:00,B,ROSAS,428214
14:00:00,B,ROSAS,354637
15:00:00,B,ROSAS,324570
16:00:00,B,ROSAS,359585
17:00:00,B,ROSAS,444100
18:00:00,B,ROSAS,417131
19:00:00,B,ROSAS,259816
20:00:00,B,ROSAS,204057
21:00:00,B,ROSAS,124985
22:00:00,B,ROSAS,23867
23:00:00,B,ROSAS,3
5:00:00,A,"SAENZ PEÑA",4199
6:00:00,A,"SAENZ PEÑA",19483
7:00:00,A,"SAENZ PEÑA",49639
8:00:00,A,"SAENZ PEÑA",82291
9:00:00,A,"SAENZ PEÑA",112152
10:00:00,A,"SAENZ PEÑA",149113
11:00:00,A,"SAENZ PEÑA",174410
12:00:00,A,"SAENZ PEÑA",200945
13:00:00,A,"SAENZ PEÑA",219086
14:00:00,A,"SAENZ PEÑA",240431
15:00:00,A,"SAENZ PEÑA",248005
16:00:00,A,"SAENZ PEÑA",262654
17:00:00,A,"SAENZ PEÑA",278773
18:00:00,A,"SAENZ PEÑA",257859
19:00:00,A,"SAENZ PEÑA",173173
20:00:00,A,"SAENZ PEÑA",127020
21:00:00,A,"SAENZ PEÑA",99337
22:00:00,A,"SAENZ PEÑA",34289
23:00:00,A,"SAENZ PEÑA",9
5:00:00,E,"SAN JOSE",5358
6:00:00,E,"SAN JOSE",16370
7:00:00,E,"SAN JOSE",42918
8:00:00,E,"SAN JOSE",57761
9:00:00,E,"SAN JOSE",49736
10:00:00,E,"SAN JOSE",44921
11:00:00,E,"SAN JOSE",46740
12:00:00,E,"SAN JOSE",56236
13:00:00,E,"SAN JOSE",55212
14:00:00,E,"SAN JOSE",43838
15:00:00,E,"SAN JOSE",48010
16:00:00,E,"SAN JOSE",56292
17:00:00,E,"SAN JOSE",54037
18:00:00,E,"SAN JOSE",56961
19:00:00,E,"SAN JOSE",46004
20:00:00,E,"SAN JOSE",42896
21:00:00,E,"SAN JOSE",33078
22:00:00,E,"SAN JOSE",10516
23:00:00,E,"SAN JOSE",4
5:00:00,C,"SAN JUAN",7887
6:00:00,C,"SAN JUAN",27544
7:00:00,C,"SAN JUAN",86462
8:00:00,C,"SAN JUAN",145102
9:00:00,C,"SAN JUAN",154696
10:00:00,C,"SAN JUAN",118878
11:00:00,C,"SAN JUAN",120128
12:00:00,C,"SAN JUAN",135903
13:00:00,C,"SAN JUAN",131122
14:00:00,C,"SAN JUAN",110917
15:00:00,C,"SAN JUAN",106774
16:00:00,C,"SAN JUAN",118839
17:00:00,C,"SAN JUAN",138777
18:00:00,C,"SAN JUAN",143267
19:00:00,C,"SAN JUAN",98366
20:00:00,C,"SAN JUAN",80598
21:00:00,C,"SAN JUAN",78758
22:00:00,C,"SAN JUAN",33576
23:00:00,C,"SAN JUAN",5
5:00:00,A,"SAN PEDRITO",45550
6:00:00,A,"SAN PEDRITO",265524
7:00:00,A,"SAN PEDRITO",856896
8:00:00,A,"SAN PEDRITO",1272608
9:00:00,A,"SAN PEDRITO",849518
10:00:00,A,"SAN PEDRITO",515524
11:00:00,A,"SAN PEDRITO",455089
12:00:00,A,"SAN PEDRITO",472082
13:00:00,A,"SAN PEDRITO",492598
14:00:00,A,"SAN PEDRITO",405188
15:00:00,A,"SAN PEDRITO",344640
16:00:00,A,"SAN PEDRITO",359430
17:00:00,A,"SAN PEDRITO",431615
18:00:00,A,"SAN PEDRITO",332540
19:00:00,A,"SAN PEDRITO",171230
20:00:00,A,"SAN PEDRITO",114821
21:00:00,A,"SAN PEDRITO",68509
22:00:00,A,"SAN PEDRITO",14532
23:00:00,A,"SAN PEDRITO",1
5:00:00,H,"SANTA FE",2188
6:00:00,H,"SANTA FE",7134
7:00:00,H,"SANTA FE",25059
8:00:00,H,"SANTA FE",37769
9:00:00,H,"SANTA FE",38440
10:00:00,H,"SANTA FE",41774
11:00:00,H,"SANTA FE",50225
12:00:00,H,"SANTA FE",60526
13:00:00,H,"SANTA FE",62043
14:00:00,H,"SANTA FE",73111
15:00:00,H,"SANTA FE",78760
16:00:00,H,"SANTA FE",86175
17:00:00,H,"SANTA FE",91823
18:00:00,H,"SANTA FE",94128
19:00:00,H,"SANTA FE",81669
20:00:00,H,"SANTA FE",71720
21:00:00,H,"SANTA FE",43734
22:00:00,H,"SANTA FE",15399
23:00:00,H,"SANTA FE",15
5:00:00,D,"SCALABRINI ORTIZ",8759
6:00:00,D,"SCALABRINI ORTIZ",46012
7:00:00,D,"SCALABRINI ORTIZ",227557
8:00:00,D,"SCALABRINI ORTIZ",393249
9:00:00,D,"SCALABRINI ORTIZ",362181
10:00:00,D,"SCALABRINI ORTIZ",256561
11:00:00,D,"SCALABRINI ORTIZ",237791
12:00:00,D,"SCALABRINI ORTIZ",260668
13:00:00,D,"SCALABRINI ORTIZ",268206
14:00:00,D,"SCALABRINI ORTIZ",245521
15:00:00,D,"SCALABRINI ORTIZ",252997
16:00:00,D,"SCALABRINI ORTIZ",289843
17:00:00,D,"SCALABRINI ORTIZ",312231
18:00:00,D,"SCALABRINI ORTIZ",298364
19:00:00,D,"SCALABRINI ORTIZ",236838
20:00:00,D,"SCALABRINI ORTIZ",198500
21:00:00,D,"SCALABRINI ORTIZ",120263
22:00:00,D,"SCALABRINI ORTIZ",38371
23:00:00,D,"SCALABRINI ORTIZ",45
5:00:00,D,TRIBUNALES,2442
6:00:00,D,TRIBUNALES,12348
7:00:00,D,TRIBUNALES,55657
8:00:00,D,TRIBUNALES,115610
9:00:00,D,TRIBUNALES,170389
10:00:00,D,TRIBUNALES,238190
11:00:00,D,TRIBUNALES,305534
12:00:00,D,TRIBUNALES,372823
13:00:00,D,TRIBUNALES,473599
14:00:00,D,TRIBUNALES,415933
15:00:00,D,TRIBUNALES,420233
16:00:00,D,TRIBUNALES,426245
17:00:00,D,TRIBUNALES,441417
18:00:00,D,TRIBUNALES,520160
19:00:00,D,TRIBUNALES,291194
20:00:00,D,TRIBUNALES,185816
21:00:00,D,TRIBUNALES,118862
22:00:00,D,TRIBUNALES,47467
23:00:00,D,TRIBUNALES,2
5:00:00,B,TRONADOR,5301
6:00:00,B,TRONADOR,26846
7:00:00,B,TRONADOR,98542
8:00:00,B,TRONADOR,164739
9:00:00,B,TRONADOR,131280
10:00:00,B,TRONADOR,92273
11:00:00,B,TRONADOR,89698
12:00:00,B,TRONADOR,102174
13:00:00,B,TRONADOR,100163
14:00:00,B,TRONADOR,96900
15:00:00,B,TRONADOR,96213
16:00:00,B,TRONADOR,118475
17:00:00,B,TRONADOR,191905
18:00:00,B,TRONADOR,187589
19:00:00,B,TRONADOR,71933
20:00:00,B,TRONADOR,45853
21:00:00,B,TRONADOR,33833
22:00:00,B,TRONADOR,12926
23:00:00,B,TRONADOR,9
5:00:00,E,URQUIZA,5653
6:00:00,E,URQUIZA,23627
7:00:00,E,URQUIZA,74407
8:00:00,E,URQUIZA,102228
9:00:00,E,URQUIZA,84282
10:00:00,E,URQUIZA,66222
11:00:00,E,URQUIZA,62610
12:00:00,E,URQUIZA,77310
13:00:00,E,URQUIZA,69971
14:00:00,E,URQUIZA,60731
15:00:00,E,URQUIZA,54105
16:00:00,E,URQUIZA,71273
17:00:00,E,URQUIZA,62256
18:00:00,E,URQUIZA,54286
19:00:00,E,URQUIZA,43331
20:00:00,E,URQUIZA,33455
21:00:00,E,URQUIZA,28280
22:00:00,E,URQUIZA,8196
23:00:00,E,URQUIZA,8
5:00:00,B,URUGUAY,6268
6:00:00,B,URUGUAY,21709
7:00:00,B,URUGUAY,60480
8:00:00,B,URUGUAY,109754
9:00:00,B,URUGUAY,167866
10:00:00,B,URUGUAY,253008
11:00:00,B,URUGUAY,339625
12:00:00,B,URUGUAY,400363
13:00:00,B,URUGUAY,464990
14:00:00,B,URUGUAY,451355
15:00:00,B,URUGUAY,466954
16:00:00,B,URUGUAY,489301
17:00:00,B,URUGUAY,528368
18:00:00,B,URUGUAY,556489
19:00:00,B,URUGUAY,334299
20:00:00,B,URUGUAY,222512
21:00:00,B,URUGUAY,157349
22:00:00,B,URUGUAY,76930
5:00:00,E,VARELA,5926
6:00:00,E,VARELA,33346
7:00:00,E,VARELA,96000
8:00:00,E,VARELA,129506
9:00:00,E,VARELA,84821
10:00:00,E,VARELA,48668
11:00:00,E,VARELA,42852
12:00:00,E,VARELA,43147
13:00:00,E,VARELA,38387
14:00:00,E,VARELA,31537
15:00:00,E,VARELA,28544
16:00:00,E,VARELA,31231
17:00:00,E,VARELA,34870
18:00:00,E,VARELA,28612
19:00:00,E,VARELA,18589
20:00:00,E,VARELA,14302
21:00:00,E,VARELA,8602
22:00:00,E,VARELA,1758
5:00:00,H,VENEZUELA,7852
6:00:00,H,VENEZUELA,27945
7:00:00,H,VENEZUELA,79665
8:00:00,H,VENEZUELA,118405
9:00:00,H,VENEZUELA,108876
10:00:00,H,VENEZUELA,94612
11:00:00,H,VENEZUELA,101415
12:00:00,H,VENEZUELA,125448
13:00:00,H,VENEZUELA,113350
14:00:00,H,VENEZUELA,103319
15:00:00,H,VENEZUELA,97740
16:00:00,H,VENEZUELA,107558
17:00:00,H,VENEZUELA,113394
18:00:00,H,VENEZUELA,116958
19:00:00,H,VENEZUELA,87179
20:00:00,H,VENEZUELA,71048
21:00:00,H,VENEZUELA,53690
22:00:00,H,VENEZUELA,19136
23:00:00,H,VENEZUELA,66
