estacion,symbol
ACOYTE,A
ALBERTI,A
CARABOBO,A
"CASTRO BARROS",A
CONGRESO,A
FLORES,A
LIMA,A
LORIA,A
PASCO,A
PERU,A
PIEDRAS,A
"PLAZA DE MAYO",A
"PLAZA MISERERE",A
"PRIMERA JUNTA",A
PUAN,A
"RIO DE JANEIRO",A
"SAENZ PEÑA",A
"SAN PEDRITO",A
"ANGEL GALLARDO",B
CALLAO.B,B
"CARLOS GARDEL",B
"CARLOS PELLEGRINI",B
DORREGO,B
ECHEVERRIA,B
"FEDERICO LACROZE",B
FLORIDA,B
"LEANDRO N. ALEM",B
"LOS INCAS",B
MALABIA,B
MEDRANO,B
PASTEUR,B
PUEYRREDON,B
ROSAS,B
TRONADOR,B
URUGUAY,B
"AVENIDA DE MAYO",C
CONSTITUCION,C
"DIAGONAL NORTE",C
"GENERAL SAN MARTIN",C
INDEPENDENCIA,C
LAVALLE,C
"MARIANO MORENO",C
"SAN JUAN",C
RETIRO,C
"9 DE JULIO",D
AGUERO,D
BULNES,D
CALLAO,D
CATEDRAL,D
"CONGRESO DE TUCUMAN",D
"FACULTAD DE MEDICINA",D
"JOSE HERNANDEZ",D
JURAMENTO,D
"MINISTRO CARRANZA",D
OLLEROS,D
PALERMO,D
"PLAZA ITALIA",D
PUEYRREDON.D,D
"SCALABRINI ORTIZ",D
TRIBUNALES,D
"AVENIDA LA PLATA",E
BOEDO,E
BOLIVAR,E
"EMILIO MITRE",E
"ENTRE RIOS",E
"GENERAL BELGRANO",E
INDEPENDENCIA.H,E
"JOSE MARIA MORENO",E
JUJUY,E
"MEDALLA MILAGROSA",E
PICHINCHA,E
"PZA. DE LOS VIRREYES",E
"SAN JOSE",E
URQUIZA,E
VARELA,E
CASEROS,H
CORDOBA,H
CORRIENTES,H
HOSPITALES,H
"HUMBERTO I",H
INCLAN,H
"LAS HERAS",H
ONCE,H
PATRICIOS,H
VENEZUELA,H
"SANTA FE",H
